parliament_number,member_id,member_display_name,raw_school_text,source_url,is_international,suggested_action,notes
48,aph-11788,"ALDRED, Mary",MLC,https://handbookapi.aph.gov.au/api/individuals?$filter=PHID eq '11788',False,Lookup in ACARA historical register,Provisional institution ID: inst-unmatched-mlc
46,aph-m3m,"ALEXANDER, John Gilbert, OAM",Narrabeen Boys High School,https://handbookapi.aph.gov.au/api/individuals?$filter=PHID eq 'M3M',False,Lookup in ACARA historical register,Provisional institution ID: inst-unmatched-narrabeen-boys-high-school
46,aph-282986,"ALLEN, Dr Katrina (Katie) Jane AO",Melbourne Girls Grammar School,https://handbookapi.aph.gov.au/api/individuals?$filter=PHID eq '282986',False,Lookup in ACARA historical register,Provisional institution ID: inst-unmatched-melbourne-girls-grammar-school
48,aph-13050,"ALY, the Hon. Dr Anne",Meriden Girls School,https://handbookapi.aph.gov.au/api/individuals?$filter=PHID eq '13050',False,Lookup in ACARA historical register,Provisional institution ID: inst-unmatched-meriden-girls-school
46,aph-13050,"ALY, the Hon. Dr Anne",Meriden Girls School,https://handbookapi.aph.gov.au/api/individuals?$filter=PHID eq '13050',False,Lookup in ACARA historical register,Provisional institution ID: inst-unmatched-meriden-girls-school
47,aph-13050,"ALY, the Hon. Dr Anne",Meriden Girls School,https://handbookapi.aph.gov.au/api/individuals?$filter=PHID eq '13050',False,Lookup in ACARA historical register,Provisional institution ID: inst-unmatched-meriden-girls-school
48,aph-315618,"AMBIHAIPAHAR, Ashvini (Ash)",Danebank Anglican Girls School,https://handbookapi.aph.gov.au/api/individuals?$filter=PHID eq '315618',False,Lookup in ACARA historical register,Provisional institution ID: inst-unmatched-danebank-anglican-girls-school
48,aph-269375,"ANTIC, Alexander (Alex) Charles",Pembroke,https://handbookapi.aph.gov.au/api/individuals?$filter=PHID eq '269375',False,Lookup in ACARA historical register,Provisional institution ID: inst-unmatched-pembroke
46,aph-269375,"ANTIC, Alexander (Alex) Charles",Pembroke,https://handbookapi.aph.gov.au/api/individuals?$filter=PHID eq '269375',False,Lookup in ACARA historical register,Provisional institution ID: inst-unmatched-pembroke
47,aph-269375,"ANTIC, Alexander (Alex) Charles",Pembroke,https://handbookapi.aph.gov.au/api/individuals?$filter=PHID eq '269375',False,Lookup in ACARA historical register,Provisional institution ID: inst-unmatched-pembroke
46,aph-m3c,"BANDT, Dr Adam Paul",Hollywood High School,https://handbookapi.aph.gov.au/api/individuals?$filter=PHID eq 'M3C',False,Lookup in ACARA historical register,Provisional institution ID: inst-unmatched-hollywood-high-school
47,aph-m3c,"BANDT, Dr Adam Paul",Hollywood High School,https://handbookapi.aph.gov.au/api/individuals?$filter=PHID eq 'M3C',False,Lookup in ACARA historical register,Provisional institution ID: inst-unmatched-hollywood-high-school
48,aph-282981,"BELL, Angie Marion",Gawler High School,https://handbookapi.aph.gov.au/api/individuals?$filter=PHID eq '282981',False,Lookup in ACARA historical register,Provisional institution ID: inst-unmatched-gawler-high-school
46,aph-282981,"BELL, Angie Marion",Gawler High School,https://handbookapi.aph.gov.au/api/individuals?$filter=PHID eq '282981',False,Lookup in ACARA historical register,Provisional institution ID: inst-unmatched-gawler-high-school
47,aph-282981,"BELL, Angie Marion",Gawler High School,https://handbookapi.aph.gov.au/api/individuals?$filter=PHID eq '282981',False,Lookup in ACARA historical register,Provisional institution ID: inst-unmatched-gawler-high-school
48,aph-319142,"BELL, Sean Fredrick",St Joseph's College Gregory Terrace,https://handbookapi.aph.gov.au/api/individuals?$filter=PHID eq '319142',False,Lookup in ACARA historical register,Provisional institution ID: inst-unmatched-st-joseph-s-college-gregory-terrace
48,aph-309484,"BELYEA, Jodie Anne",Kilbreda Girls College,https://handbookapi.aph.gov.au/api/individuals?$filter=PHID eq '309484',False,Lookup in ACARA historical register,Provisional institution ID: inst-unmatched-kilbreda-girls-college
47,aph-309484,"BELYEA, Jodie Anne",Kilbreda Girls College,https://handbookapi.aph.gov.au/api/individuals?$filter=PHID eq '309484',False,Lookup in ACARA historical register,Provisional institution ID: inst-unmatched-kilbreda-girls-college
46,aph-hzb,"BILYK, Catryna Louise",Ogilvie High School,https://handbookapi.aph.gov.au/api/individuals?$filter=PHID eq 'HZB',False,Lookup in ACARA historical register,Provisional institution ID: inst-unmatched-ogilvie-high-school
47,aph-hzb,"BILYK, Catryna Louise",Ogilvie High School,https://handbookapi.aph.gov.au/api/individuals?$filter=PHID eq 'HZB',False,Lookup in ACARA historical register,Provisional institution ID: inst-unmatched-ogilvie-high-school
46,aph-hzb,"BILYK, Catryna Louise",Hobart Matriculation College,https://handbookapi.aph.gov.au/api/individuals?$filter=PHID eq 'HZB',False,Lookup in ACARA historical register,Provisional institution ID: inst-unmatched-hobart-matriculation-college
47,aph-hzb,"BILYK, Catryna Louise",Hobart Matriculation College,https://handbookapi.aph.gov.au/api/individuals?$filter=PHID eq 'HZB',False,Lookup in ACARA historical register,Provisional institution ID: inst-unmatched-hobart-matriculation-college
46,aph-h6x,"BIRMINGHAM, the Hon. Simon John",Gawler High School,https://handbookapi.aph.gov.au/api/individuals?$filter=PHID eq 'H6X',False,Lookup in ACARA historical register,Provisional institution ID: inst-unmatched-gawler-high-school
47,aph-h6x,"BIRMINGHAM, the Hon. Simon John",Gawler High School,https://handbookapi.aph.gov.au/api/individuals?$filter=PHID eq 'H6X',False,Lookup in ACARA historical register,Provisional institution ID: inst-unmatched-gawler-high-school
48,aph-288713,"BIRRELL, Samuel (Sam) James",Shepparton High School,https://handbookapi.aph.gov.au/api/individuals?$filter=PHID eq '288713',False,Lookup in ACARA historical register,Provisional institution ID: inst-unmatched-shepparton-high-school
47,aph-288713,"BIRRELL, Samuel (Sam) James",Shepparton High School,https://handbookapi.aph.gov.au/api/individuals?$filter=PHID eq '288713',False,Lookup in ACARA historical register,Provisional institution ID: inst-unmatched-shepparton-high-school
48,aph-288713,"BIRRELL, Samuel (Sam) James",Assumption College Kilmore,https://handbookapi.aph.gov.au/api/individuals?$filter=PHID eq '288713',False,Lookup in ACARA historical register,Provisional institution ID: inst-unmatched-assumption-college-kilmore
47,aph-288713,"BIRRELL, Samuel (Sam) James",Assumption College Kilmore,https://handbookapi.aph.gov.au/api/individuals?$filter=PHID eq '288713',False,Lookup in ACARA historical register,Provisional institution ID: inst-unmatched-assumption-college-kilmore
48,aph-306489,"CALDWELL, Cameron",Nudgee College,https://handbookapi.aph.gov.au/api/individuals?$filter=PHID eq '306489',False,Lookup in ACARA historical register,Provisional institution ID: inst-unmatched-nudgee-college
47,aph-306489,"CALDWELL, Cameron",Nudgee College,https://handbookapi.aph.gov.au/api/individuals?$filter=PHID eq '306489',False,Lookup in ACARA historical register,Provisional institution ID: inst-unmatched-nudgee-college
48,aph-37998,"CHALMERS, the Hon. Dr James (Jim) Edward",Clairvaux Mackillop School,https://handbookapi.aph.gov.au/api/individuals?$filter=PHID eq '37998',False,Lookup in ACARA historical register,Provisional institution ID: inst-unmatched-clairvaux-mackillop-school
46,aph-37998,"CHALMERS, the Hon. Dr James (Jim) Edward",Clairvaux Mackillop School,https://handbookapi.aph.gov.au/api/individuals?$filter=PHID eq '37998',False,Lookup in ACARA historical register,Provisional institution ID: inst-unmatched-clairvaux-mackillop-school
47,aph-37998,"CHALMERS, the Hon. Dr James (Jim) Edward",Clairvaux Mackillop School,https://handbookapi.aph.gov.au/api/individuals?$filter=PHID eq '37998',False,Lookup in ACARA historical register,Provisional institution ID: inst-unmatched-clairvaux-mackillop-school
48,aph-ipz,"CHESTER, the Hon. Darren Jeffrey",Sale High School,https://handbookapi.aph.gov.au/api/individuals?$filter=PHID eq 'IPZ',False,Lookup in ACARA historical register,Provisional institution ID: inst-unmatched-sale-high-school
46,aph-ipz,"CHESTER, the Hon. Darren Jeffrey",Sale High School,https://handbookapi.aph.gov.au/api/individuals?$filter=PHID eq 'IPZ',False,Lookup in ACARA historical register,Provisional institution ID: inst-unmatched-sale-high-school
47,aph-ipz,"CHESTER, the Hon. Darren Jeffrey",Sale High School,https://handbookapi.aph.gov.au/api/individuals?$filter=PHID eq 'IPZ',False,Lookup in ACARA historical register,Provisional institution ID: inst-unmatched-sale-high-school
48,aph-281503,"CICCONE, Raffaele (Raff)","Salesian College, Chadstone, Victoria",https://handbookapi.aph.gov.au/api/individuals?$filter=PHID eq '281503',False,Lookup in ACARA historical register,Provisional institution ID: inst-unmatched-salesian-college-chadstone-victoria
46,aph-281503,"CICCONE, Raffaele (Raff)","Salesian College, Chadstone, Victoria",https://handbookapi.aph.gov.au/api/individuals?$filter=PHID eq '281503',False,Lookup in ACARA historical register,Provisional institution ID: inst-unmatched-salesian-college-chadstone-victoria
47,aph-281503,"CICCONE, Raffaele (Raff)","Salesian College, Chadstone, Victoria",https://handbookapi.aph.gov.au/api/individuals?$filter=PHID eq '281503',False,Lookup in ACARA historical register,Provisional institution ID: inst-unmatched-salesian-college-chadstone-victoria
48,aph-263547,"COKER, Elizabeth (Libby) Ann",Beaumans High School,https://handbookapi.aph.gov.au/api/individuals?$filter=PHID eq '263547',False,Lookup in ACARA historical register,Provisional institution ID: inst-unmatched-beaumans-high-school
46,aph-263547,"COKER, Elizabeth (Libby) Ann",Beaumans High School,https://handbookapi.aph.gov.au/api/individuals?$filter=PHID eq '263547',False,Lookup in ACARA historical register,Provisional institution ID: inst-unmatched-beaumans-high-school
47,aph-263547,"COKER, Elizabeth (Libby) Ann",Beaumans High School,https://handbookapi.aph.gov.au/api/individuals?$filter=PHID eq '263547',False,Lookup in ACARA historical register,Provisional institution ID: inst-unmatched-beaumans-high-school
48,aph-263547,"COKER, Elizabeth (Libby) Ann",MacRobertson High School,https://handbookapi.aph.gov.au/api/individuals?$filter=PHID eq '263547',False,Lookup in ACARA historical register,Provisional institution ID: inst-unmatched-macrobertson-high-school
46,aph-263547,"COKER, Elizabeth (Libby) Ann",MacRobertson High School,https://handbookapi.aph.gov.au/api/individuals?$filter=PHID eq '263547',False,Lookup in ACARA historical register,Provisional institution ID: inst-unmatched-macrobertson-high-school
47,aph-263547,"COKER, Elizabeth (Libby) Ann",MacRobertson High School,https://handbookapi.aph.gov.au/api/individuals?$filter=PHID eq '263547',False,Lookup in ACARA historical register,Provisional institution ID: inst-unmatched-macrobertson-high-school
48,aph-263547,"COKER, Elizabeth (Libby) Ann",Victorian School of Correspondence,https://handbookapi.aph.gov.au/api/individuals?$filter=PHID eq '263547',False,Lookup in ACARA historical register,Provisional institution ID: inst-unmatched-victorian-school-of-correspondence
46,aph-263547,"COKER, Elizabeth (Libby) Ann",Victorian School of Correspondence,https://handbookapi.aph.gov.au/api/individuals?$filter=PHID eq '263547',False,Lookup in ACARA historical register,Provisional institution ID: inst-unmatched-victorian-school-of-correspondence
47,aph-263547,"COKER, Elizabeth (Libby) Ann",Victorian School of Correspondence,https://handbookapi.aph.gov.au/api/individuals?$filter=PHID eq '263547',False,Lookup in ACARA historical register,Provisional institution ID: inst-unmatched-victorian-school-of-correspondence
48,aph-00aol,"COLBECK, the Hon. Richard Mansell",Norwood High School,https://handbookapi.aph.gov.au/api/individuals?$filter=PHID eq '00AOL',False,Lookup in ACARA historical register,Provisional institution ID: inst-unmatched-norwood-high-school
46,aph-00aol,"COLBECK, the Hon. Richard Mansell",Norwood High School,https://handbookapi.aph.gov.au/api/individuals?$filter=PHID eq '00AOL',False,Lookup in ACARA historical register,Provisional institution ID: inst-unmatched-norwood-high-school
47,aph-00aol,"COLBECK, the Hon. Richard Mansell",Norwood High School,https://handbookapi.aph.gov.au/api/individuals?$filter=PHID eq '00AOL',False,Lookup in ACARA historical register,Provisional institution ID: inst-unmatched-norwood-high-school
46,aph-241067,"COLEMAN, the Hon. David Bernard",Christian Brothers',https://handbookapi.aph.gov.au/api/individuals?$filter=PHID eq '241067',False,Lookup in ACARA historical register,Provisional institution ID: inst-unmatched-christian-brothers
47,aph-241067,"COLEMAN, the Hon. David Bernard",Christian Brothers',https://handbookapi.aph.gov.au/api/individuals?$filter=PHID eq '241067',False,Lookup in ACARA historical register,Provisional institution ID: inst-unmatched-christian-brothers
46,aph-241067,"COLEMAN, the Hon. David Bernard",St Thomas,https://handbookapi.aph.gov.au/api/individuals?$filter=PHID eq '241067',False,Lookup in ACARA historical register,Provisional institution ID: inst-unmatched-st-thomas
47,aph-241067,"COLEMAN, the Hon. David Bernard",St Thomas,https://handbookapi.aph.gov.au/api/individuals?$filter=PHID eq '241067',False,Lookup in ACARA historical register,Provisional institution ID: inst-unmatched-st-thomas
48,aph-297964,"COLLINS, Dr Jessica",PLC Sydney,https://handbookapi.aph.gov.au/api/individuals?$filter=PHID eq '297964',False,Lookup in ACARA historical register,Provisional institution ID: inst-unmatched-plc-sydney
48,aph-312871,"COOK, Dr Patricia (Trish)",Sacred Heart High School,https://handbookapi.aph.gov.au/api/individuals?$filter=PHID eq '312871',False,Lookup in ACARA historical register,Provisional institution ID: inst-unmatched-sacred-heart-high-school
48,aph-296215,"COX, Dorinda Rose",South Fremantle High School,https://handbookapi.aph.gov.au/api/individuals?$filter=PHID eq '296215',False,Lookup in ACARA historical register,Provisional institution ID: inst-unmatched-south-fremantle-high-school
46,aph-296215,"COX, Dorinda Rose",South Fremantle High School,https://handbookapi.aph.gov.au/api/individuals?$filter=PHID eq '296215',False,Lookup in ACARA historical register,Provisional institution ID: inst-unmatched-south-fremantle-high-school
47,aph-296215,"COX, Dorinda Rose",South Fremantle High School,https://handbookapi.aph.gov.au/api/individuals?$filter=PHID eq '296215',False,Lookup in ACARA historical register,Provisional institution ID: inst-unmatched-south-fremantle-high-school
48,aph-296215,"COX, Dorinda Rose",Leeming High School,https://handbookapi.aph.gov.au/api/individuals?$filter=PHID eq '296215',False,Lookup in ACARA historical register,Provisional institution ID: inst-unmatched-leeming-high-school
46,aph-296215,"COX, Dorinda Rose",Leeming High School,https://handbookapi.aph.gov.au/api/individuals?$filter=PHID eq '296215',False,Lookup in ACARA historical register,Provisional institution ID: inst-unmatched-leeming-high-school
47,aph-296215,"COX, Dorinda Rose",Leeming High School,https://handbookapi.aph.gov.au/api/individuals?$filter=PHID eq '296215',False,Lookup in ACARA historical register,Provisional institution ID: inst-unmatched-leeming-high-school
47,aph-008ch,"DANIEL, Zoe",Queechy High School (Launceston),https://handbookapi.aph.gov.au/api/individuals?$filter=PHID eq '008CH',False,Lookup in ACARA historical register,Provisional institution ID: inst-unmatched-queechy-high-school-launceston
47,aph-008ch,"DANIEL, Zoe",Rosny College (Hobart),https://handbookapi.aph.gov.au/api/individuals?$filter=PHID eq '008CH',False,Lookup in ACARA historical register,Provisional institution ID: inst-unmatched-rosny-college-hobart
46,aph-281697,"DAVEY, Perin McGregor",Deakin High School,https://handbookapi.aph.gov.au/api/individuals?$filter=PHID eq '281697',False,Lookup in ACARA historical register,Provisional institution ID: inst-unmatched-deakin-high-school
47,aph-281697,"DAVEY, Perin McGregor",Deakin High School,https://handbookapi.aph.gov.au/api/individuals?$filter=PHID eq '281697',False,Lookup in ACARA historical register,Provisional institution ID: inst-unmatched-deakin-high-school
48,aph-316935,"DOLEGA, Josh",The DON College,https://handbookapi.aph.gov.au/api/individuals?$filter=PHID eq '316935',False,Lookup in ACARA historical register,Provisional institution ID: inst-unmatched-the-don-college
48,aph-55842,"DOWLING, Richard",Geilston Bay High School,https://handbookapi.aph.gov.au/api/individuals?$filter=PHID eq '55842',False,Lookup in ACARA historical register,Provisional institution ID: inst-unmatched-geilston-bay-high-school
48,aph-299962,"DOYLE, Mary",St Joseph's College (Echuca),https://handbookapi.aph.gov.au/api/individuals?$filter=PHID eq '299962',False,Lookup in ACARA historical register,Provisional institution ID: inst-unmatched-st-joseph-s-college-echuca
47,aph-299962,"DOYLE, Mary",St Joseph's College (Echuca),https://handbookapi.aph.gov.au/api/individuals?$filter=PHID eq '299962',False,Lookup in ACARA historical register,Provisional institution ID: inst-unmatched-st-joseph-s-college-echuca
48,aph-dzw,"ELLIOT, the Hon. Maria Justine (Justine)",Nambour High School,https://handbookapi.aph.gov.au/api/individuals?$filter=PHID eq 'DZW',False,Lookup in ACARA historical register,Provisional institution ID: inst-unmatched-nambour-high-school
46,aph-dzw,"ELLIOT, the Hon. Maria Justine (Justine)",Nambour High School,https://handbookapi.aph.gov.au/api/individuals?$filter=PHID eq 'DZW',False,Lookup in ACARA historical register,Provisional institution ID: inst-unmatched-nambour-high-school
47,aph-dzw,"ELLIOT, the Hon. Maria Justine (Justine)",Nambour High School,https://handbookapi.aph.gov.au/api/individuals?$filter=PHID eq 'DZW',False,Lookup in ACARA historical register,Provisional institution ID: inst-unmatched-nambour-high-school
48,aph-299964,"FERNANDO, Cassandra",Lyndale Secondary,https://handbookapi.aph.gov.au/api/individuals?$filter=PHID eq '299964',False,Lookup in ACARA historical register,Provisional institution ID: inst-unmatched-lyndale-secondary
47,aph-299964,"FERNANDO, Cassandra",Lyndale Secondary,https://handbookapi.aph.gov.au/api/individuals?$filter=PHID eq '299964',False,Lookup in ACARA historical register,Provisional institution ID: inst-unmatched-lyndale-secondary
48,aph-ing,"GALLAGHER, the Hon. Katherine (Katy) Ruth",Stirling College,https://handbookapi.aph.gov.au/api/individuals?$filter=PHID eq 'ING',False,Lookup in ACARA historical register,Provisional institution ID: inst-unmatched-stirling-college
46,aph-ing,"GALLAGHER, the Hon. Katherine (Katy) Ruth",Stirling College,https://handbookapi.aph.gov.au/api/individuals?$filter=PHID eq 'ING',False,Lookup in ACARA historical register,Provisional institution ID: inst-unmatched-stirling-college
47,aph-ing,"GALLAGHER, the Hon. Katherine (Katy) Ruth",Stirling College,https://handbookapi.aph.gov.au/api/individuals?$filter=PHID eq 'ING',False,Lookup in ACARA historical register,Provisional institution ID: inst-unmatched-stirling-college
48,aph-245392,"GOSLING, Luke John Anthony, OAM",Mt Lilydale College,https://handbookapi.aph.gov.au/api/individuals?$filter=PHID eq '245392',False,Lookup in ACARA historical register,Provisional institution ID: inst-unmatched-mt-lilydale-college
46,aph-245392,"GOSLING, Luke John Anthony, OAM",Mt Lilydale College,https://handbookapi.aph.gov.au/api/individuals?$filter=PHID eq '245392',False,Lookup in ACARA historical register,Provisional institution ID: inst-unmatched-mt-lilydale-college
47,aph-245392,"GOSLING, Luke John Anthony, OAM",Mt Lilydale College,https://handbookapi.aph.gov.au/api/individuals?$filter=PHID eq '245392',False,Lookup in ACARA historical register,Provisional institution ID: inst-unmatched-mt-lilydale-college
48,aph-296331,"GROGAN, Karen Ann",Holland Park Comprehensive,https://handbookapi.aph.gov.au/api/individuals?$filter=PHID eq '296331',False,Lookup in ACARA historical register,Provisional institution ID: inst-unmatched-holland-park-comprehensive
46,aph-296331,"GROGAN, Karen Ann",Holland Park Comprehensive,https://handbookapi.aph.gov.au/api/individuals?$filter=PHID eq '296331',False,Lookup in ACARA historical register,Provisional institution ID: inst-unmatched-holland-park-comprehensive
47,aph-296331,"GROGAN, Karen Ann",Holland Park Comprehensive,https://handbookapi.aph.gov.au/api/individuals?$filter=PHID eq '296331',False,Lookup in ACARA historical register,Provisional institution ID: inst-unmatched-holland-park-comprehensive
48,aph-bk6,"HANSON, Pauline Lee",Coorparoo State High School,https://handbookapi.aph.gov.au/api/individuals?$filter=PHID eq 'BK6',False,Lookup in ACARA historical register,Provisional institution ID: inst-unmatched-coorparoo-state-high-school
46,aph-bk6,"HANSON, Pauline Lee",Coorparoo State High School,https://handbookapi.aph.gov.au/api/individuals?$filter=PHID eq 'BK6',False,Lookup in ACARA historical register,Provisional institution ID: inst-unmatched-coorparoo-state-high-school
47,aph-bk6,"HANSON, Pauline Lee",Coorparoo State High School,https://handbookapi.aph.gov.au/api/individuals?$filter=PHID eq 'BK6',False,Lookup in ACARA historical register,Provisional institution ID: inst-unmatched-coorparoo-state-high-school
48,aph-260805,"HASTIE, the Hon. Andrew William",Scots College,https://handbookapi.aph.gov.au/api/individuals?$filter=PHID eq '260805',False,Lookup in ACARA historical register,Provisional institution ID: inst-unmatched-scots-college
46,aph-260805,"HASTIE, the Hon. Andrew William",Scots College,https://handbookapi.aph.gov.au/api/individuals?$filter=PHID eq '260805',False,Lookup in ACARA historical register,Provisional institution ID: inst-unmatched-scots-college
47,aph-260805,"HASTIE, the Hon. Andrew William",Scots College,https://handbookapi.aph.gov.au/api/individuals?$filter=PHID eq '260805',False,Lookup in ACARA historical register,Provisional institution ID: inst-unmatched-scots-college
48,aph-hwo,"HAWKE, the Hon. Alexander (Alex) George",Carlingford & Hills Grammar School,https://handbookapi.aph.gov.au/api/individuals?$filter=PHID eq 'HWO',False,Lookup in ACARA historical register,Provisional institution ID: inst-unmatched-carlingford-hills-grammar-school
46,aph-hwo,"HAWKE, the Hon. Alexander (Alex) George",Carlingford & Hills Grammar School,https://handbookapi.aph.gov.au/api/individuals?$filter=PHID eq 'HWO',False,Lookup in ACARA historical register,Provisional institution ID: inst-unmatched-carlingford-hills-grammar-school
47,aph-hwo,"HAWKE, the Hon. Alexander (Alex) George",Carlingford & Hills Grammar School,https://handbookapi.aph.gov.au/api/individuals?$filter=PHID eq 'HWO',False,Lookup in ACARA historical register,Provisional institution ID: inst-unmatched-carlingford-hills-grammar-school
48,aph-zn4,"HENDERSON, the Hon. Sarah Moya",Geelong College,https://handbookapi.aph.gov.au/api/individuals?$filter=PHID eq 'ZN4',False,Lookup in ACARA historical register,Provisional institution ID: inst-unmatched-geelong-college
46,aph-zn4,"HENDERSON, the Hon. Sarah Moya",Geelong College,https://handbookapi.aph.gov.au/api/individuals?$filter=PHID eq 'ZN4',False,Lookup in ACARA historical register,Provisional institution ID: inst-unmatched-geelong-college
47,aph-zn4,"HENDERSON, the Hon. Sarah Moya",Geelong College,https://handbookapi.aph.gov.au/api/individuals?$filter=PHID eq 'ZN4',False,Lookup in ACARA historical register,Provisional institution ID: inst-unmatched-geelong-college
46,aph-247742,"HOWARTH, the Hon. Luke Ronald",Frawley College,https://handbookapi.aph.gov.au/api/individuals?$filter=PHID eq '247742',False,Lookup in ACARA historical register,Provisional institution ID: inst-unmatched-frawley-college
47,aph-247742,"HOWARTH, the Hon. Luke Ronald",Frawley College,https://handbookapi.aph.gov.au/api/individuals?$filter=PHID eq '247742',False,Lookup in ACARA historical register,Provisional institution ID: inst-unmatched-frawley-college
46,aph-hym,"IRONS, the Hon. Stephen (Steve) James",Box Hill Technical College,https://handbookapi.aph.gov.au/api/individuals?$filter=PHID eq 'HYM',False,Lookup in ACARA historical register,Provisional institution ID: inst-unmatched-box-hill-technical-college
48,aph-298574,"JARRETT, Madonna",Mount Saint Michael's College Ashgrove,https://handbookapi.aph.gov.au/api/individuals?$filter=PHID eq '298574',False,Lookup in ACARA historical register,Provisional institution ID: inst-unmatched-mount-saint-michael-s-college-ashgrove
48,aph-ltu,"KEARNEY, the Hon. Gerardine (Ged) Mary",Academy of Mary Immaculate Fitzroy,https://handbookapi.aph.gov.au/api/individuals?$filter=PHID eq 'LTU',False,Lookup in ACARA historical register,Provisional institution ID: inst-unmatched-academy-of-mary-immaculate-fitzroy
46,aph-ltu,"KEARNEY, the Hon. Gerardine (Ged) Mary",Academy of Mary Immaculate Fitzroy,https://handbookapi.aph.gov.au/api/individuals?$filter=PHID eq 'LTU',False,Lookup in ACARA historical register,Provisional institution ID: inst-unmatched-academy-of-mary-immaculate-fitzroy
47,aph-ltu,"KEARNEY, the Hon. Gerardine (Ged) Mary",Academy of Mary Immaculate Fitzroy,https://handbookapi.aph.gov.au/api/individuals?$filter=PHID eq 'LTU',False,Lookup in ACARA historical register,Provisional institution ID: inst-unmatched-academy-of-mary-immaculate-fitzroy
46,aph-99931,"KELLY, Craig",Peakhurst High School,https://handbookapi.aph.gov.au/api/individuals?$filter=PHID eq '99931',False,Lookup in ACARA historical register,Provisional institution ID: inst-unmatched-peakhurst-high-school
46,aph-lnw,"KENEALLY, the Hon. Kristina Kerscher AO","Notre Dame Academy (Toledo, Ohio)",https://handbookapi.aph.gov.au/api/individuals?$filter=PHID eq 'LNW',False,Lookup in ACARA historical register,Provisional institution ID: inst-unmatched-notre-dame-academy-toledo-ohio
48,aph-306168,"KOVACIC, Maria",St Clare's College (ACT),https://handbookapi.aph.gov.au/api/individuals?$filter=PHID eq '306168',False,Lookup in ACARA historical register,Provisional institution ID: inst-unmatched-st-clare-s-college-act
47,aph-306168,"KOVACIC, Maria",St Clare's College (ACT),https://handbookapi.aph.gov.au/api/individuals?$filter=PHID eq '306168',False,Lookup in ACARA historical register,Provisional institution ID: inst-unmatched-st-clare-s-college-act
46,aph-e0h,"LAMING, Andrew Charles",Church of England Grammar School,https://handbookapi.aph.gov.au/api/individuals?$filter=PHID eq 'E0H',True,Confirm overseas school,Provisional institution ID: inst-unmatched-church-of-england-grammar-school
48,aph-295676,"LE, Dai Trang",St John Vianney Fairy Meadow,https://handbookapi.aph.gov.au/api/individuals?$filter=PHID eq '295676',False,Lookup in ACARA historical register,Provisional institution ID: inst-unmatched-st-john-vianney-fairy-meadow
47,aph-295676,"LE, Dai Trang",St John Vianney Fairy Meadow,https://handbookapi.aph.gov.au/api/individuals?$filter=PHID eq '295676',False,Lookup in ACARA historical register,Provisional institution ID: inst-unmatched-st-john-vianney-fairy-meadow
48,aph-300644,"LIDDLE, Kerrynne Jeanette",Alice Springs High School,https://handbookapi.aph.gov.au/api/individuals?$filter=PHID eq '300644',False,Lookup in ACARA historical register,Provisional institution ID: inst-unmatched-alice-springs-high-school
47,aph-300644,"LIDDLE, Kerrynne Jeanette",Alice Springs High School,https://handbookapi.aph.gov.au/api/individuals?$filter=PHID eq '300644',False,Lookup in ACARA historical register,Provisional institution ID: inst-unmatched-alice-springs-high-school
48,aph-300130,"LIM, Sam",St Andrew Muar Johor,https://handbookapi.aph.gov.au/api/individuals?$filter=PHID eq '300130',False,Lookup in ACARA historical register,Provisional institution ID: inst-unmatched-st-andrew-muar-johor
47,aph-300130,"LIM, Sam",St Andrew Muar Johor,https://handbookapi.aph.gov.au/api/individuals?$filter=PHID eq '300130',False,Lookup in ACARA historical register,Provisional institution ID: inst-unmatched-st-andrew-muar-johor
46,aph-282918,"LIU, Gladys",Belilios Public Girls School,https://handbookapi.aph.gov.au/api/individuals?$filter=PHID eq '282918',False,Lookup in ACARA historical register,Provisional institution ID: inst-unmatched-belilios-public-girls-school
46,aph-hwp,"MARINO, the Hon. Nola Bethwyn",Bunbury Techincal School,https://handbookapi.aph.gov.au/api/individuals?$filter=PHID eq 'HWP',False,Lookup in ACARA historical register,Provisional institution ID: inst-unmatched-bunbury-techincal-school
47,aph-hwp,"MARINO, the Hon. Nola Bethwyn",Bunbury Techincal School,https://handbookapi.aph.gov.au/api/individuals?$filter=PHID eq 'HWP',False,Lookup in ACARA historical register,Provisional institution ID: inst-unmatched-bunbury-techincal-school
46,aph-hwp,"MARINO, the Hon. Nola Bethwyn",Harvey Agricultural Senior High School,https://handbookapi.aph.gov.au/api/individuals?$filter=PHID eq 'HWP',False,Lookup in ACARA historical register,Provisional institution ID: inst-unmatched-harvey-agricultural-senior-high-school
47,aph-hwp,"MARINO, the Hon. Nola Bethwyn",Harvey Agricultural Senior High School,https://handbookapi.aph.gov.au/api/individuals?$filter=PHID eq 'HWP',False,Lookup in ACARA historical register,Provisional institution ID: inst-unmatched-harvey-agricultural-senior-high-school
48,aph-hwq,"MARLES, the Hon. Richard Donald",Geelong Grammar School,https://handbookapi.aph.gov.au/api/individuals?$filter=PHID eq 'HWQ',False,Lookup in ACARA historical register,Provisional institution ID: inst-unmatched-geelong-grammar-school
46,aph-hwq,"MARLES, the Hon. Richard Donald",Geelong Grammar School,https://handbookapi.aph.gov.au/api/individuals?$filter=PHID eq 'HWQ',False,Lookup in ACARA historical register,Provisional institution ID: inst-unmatched-geelong-grammar-school
47,aph-hwq,"MARLES, the Hon. Richard Donald",Geelong Grammar School,https://handbookapi.aph.gov.au/api/individuals?$filter=PHID eq 'HWQ',False,Lookup in ACARA historical register,Provisional institution ID: inst-unmatched-geelong-grammar-school
46,aph-282982,"MARTIN, Dr. Fiona Barbouttis",Strathfield & Rosebank College,https://handbookapi.aph.gov.au/api/individuals?$filter=PHID eq '282982',False,Lookup in ACARA historical register,Provisional institution ID: inst-unmatched-strathfield-rosebank-college
46,aph-282982,"MARTIN, Dr. Fiona Barbouttis",Five Dock,https://handbookapi.aph.gov.au/api/individuals?$filter=PHID eq '282982',False,Lookup in ACARA historical register,Provisional institution ID: inst-unmatched-five-dock
48,aph-298800,"MASCARENHAS, Zaneta Felice Antoinetta",Kambalda Senior High School,https://handbookapi.aph.gov.au/api/individuals?$filter=PHID eq '298800',False,Lookup in ACARA historical register,Provisional institution ID: inst-unmatched-kambalda-senior-high-school
47,aph-298800,"MASCARENHAS, Zaneta Felice Antoinetta",Kambalda Senior High School,https://handbookapi.aph.gov.au/api/individuals?$filter=PHID eq '298800',False,Lookup in ACARA historical register,Provisional institution ID: inst-unmatched-kambalda-senior-high-school
48,aph-122087,"McCARTHY, the Hon. Malarndirri Barbara Anne",St Scholastica's College,https://handbookapi.aph.gov.au/api/individuals?$filter=PHID eq '122087',False,Lookup in ACARA historical register,Provisional institution ID: inst-unmatched-st-scholastica-s-college
46,aph-122087,"McCARTHY, the Hon. Malarndirri Barbara Anne",St Scholastica's College,https://handbookapi.aph.gov.au/api/individuals?$filter=PHID eq '122087',False,Lookup in ACARA historical register,Provisional institution ID: inst-unmatched-st-scholastica-s-college
47,aph-122087,"McCARTHY, the Hon. Malarndirri Barbara Anne",St Scholastica's College,https://handbookapi.aph.gov.au/api/individuals?$filter=PHID eq '122087',False,Lookup in ACARA historical register,Provisional institution ID: inst-unmatched-st-scholastica-s-college
48,aph-219646,"McCORMACK, the Hon. Michael Francis",St Michael's Regional High School,https://handbookapi.aph.gov.au/api/individuals?$filter=PHID eq '219646',False,Lookup in ACARA historical register,Provisional institution ID: inst-unmatched-st-michael-s-regional-high-school
46,aph-219646,"McCORMACK, the Hon. Michael Francis",St Michael's Regional High School,https://handbookapi.aph.gov.au/api/individuals?$filter=PHID eq '219646',False,Lookup in ACARA historical register,Provisional institution ID: inst-unmatched-st-michael-s-regional-high-school
47,aph-219646,"McCORMACK, the Hon. Michael Francis",St Michael's Regional High School,https://handbookapi.aph.gov.au/api/individuals?$filter=PHID eq '219646',False,Lookup in ACARA historical register,Provisional institution ID: inst-unmatched-st-michael-s-regional-high-school
48,aph-219646,"McCORMACK, the Hon. Michael Francis",Trinity Senior High School,https://handbookapi.aph.gov.au/api/individuals?$filter=PHID eq '219646',False,Lookup in ACARA historical register,Provisional institution ID: inst-unmatched-trinity-senior-high-school
46,aph-219646,"McCORMACK, the Hon. Michael Francis",Trinity Senior High School,https://handbookapi.aph.gov.au/api/individuals?$filter=PHID eq '219646',False,Lookup in ACARA historical register,Provisional institution ID: inst-unmatched-trinity-senior-high-school
47,aph-219646,"McCORMACK, the Hon. Michael Francis",Trinity Senior High School,https://handbookapi.aph.gov.au/api/individuals?$filter=PHID eq '219646',False,Lookup in ACARA historical register,Provisional institution ID: inst-unmatched-trinity-senior-high-school
48,aph-123072,"McDONALD, Susan Eileen",Stuartholme,https://handbookapi.aph.gov.au/api/individuals?$filter=PHID eq '123072',False,Lookup in ACARA historical register,Provisional institution ID: inst-unmatched-stuartholme
46,aph-123072,"McDONALD, Susan Eileen",Stuartholme,https://handbookapi.aph.gov.au/api/individuals?$filter=PHID eq '123072',False,Lookup in ACARA historical register,Provisional institution ID: inst-unmatched-stuartholme
47,aph-123072,"McDONALD, Susan Eileen",Stuartholme,https://handbookapi.aph.gov.au/api/individuals?$filter=PHID eq '123072',False,Lookup in ACARA historical register,Provisional institution ID: inst-unmatched-stuartholme
48,aph-217241,"McGRATH, the Hon. James",Innisfail State High School,https://handbookapi.aph.gov.au/api/individuals?$filter=PHID eq '217241',False,Lookup in ACARA historical register,Provisional institution ID: inst-unmatched-innisfail-state-high-school
46,aph-217241,"McGRATH, the Hon. James",Innisfail State High School,https://handbookapi.aph.gov.au/api/individuals?$filter=PHID eq '217241',False,Lookup in ACARA historical register,Provisional institution ID: inst-unmatched-innisfail-state-high-school
47,aph-217241,"McGRATH, the Hon. James",Innisfail State High School,https://handbookapi.aph.gov.au/api/individuals?$filter=PHID eq '217241',False,Lookup in ACARA historical register,Provisional institution ID: inst-unmatched-innisfail-state-high-school
48,aph-217241,"McGRATH, the Hon. James",Nambour State High School,https://handbookapi.aph.gov.au/api/individuals?$filter=PHID eq '217241',False,Lookup in ACARA historical register,Provisional institution ID: inst-unmatched-nambour-state-high-school
46,aph-217241,"McGRATH, the Hon. James",Nambour State High School,https://handbookapi.aph.gov.au/api/individuals?$filter=PHID eq '217241',False,Lookup in ACARA historical register,Provisional institution ID: inst-unmatched-nambour-state-high-school
47,aph-217241,"McGRATH, the Hon. James",Nambour State High School,https://handbookapi.aph.gov.au/api/individuals?$filter=PHID eq '217241',False,Lookup in ACARA historical register,Provisional institution ID: inst-unmatched-nambour-state-high-school
48,aph-281513,"McINTOSH, Melissa Iris",Newtown High School of the Performing Arts,https://handbookapi.aph.gov.au/api/individuals?$filter=PHID eq '281513',False,Lookup in ACARA historical register,Provisional institution ID: inst-unmatched-newtown-high-school-of-the-performing-ar
46,aph-281513,"McINTOSH, Melissa Iris",Newtown High School of the Performing Arts,https://handbookapi.aph.gov.au/api/individuals?$filter=PHID eq '281513',False,Lookup in ACARA historical register,Provisional institution ID: inst-unmatched-newtown-high-school-of-the-performing-ar
47,aph-281513,"McINTOSH, Melissa Iris",Newtown High School of the Performing Arts,https://handbookapi.aph.gov.au/api/individuals?$filter=PHID eq '281513',False,Lookup in ACARA historical register,Provisional institution ID: inst-unmatched-newtown-high-school-of-the-performing-ar
48,aph-207825,"McKENZIE, the Hon. Bridget",Benalla High School,https://handbookapi.aph.gov.au/api/individuals?$filter=PHID eq '207825',False,Lookup in ACARA historical register,Provisional institution ID: inst-unmatched-benalla-high-school
46,aph-207825,"McKENZIE, the Hon. Bridget",Benalla High School,https://handbookapi.aph.gov.au/api/individuals?$filter=PHID eq '207825',False,Lookup in ACARA historical register,Provisional institution ID: inst-unmatched-benalla-high-school
47,aph-207825,"McKENZIE, the Hon. Bridget",Benalla High School,https://handbookapi.aph.gov.au/api/individuals?$filter=PHID eq '207825',False,Lookup in ACARA historical register,Provisional institution ID: inst-unmatched-benalla-high-school
48,aph-207825,"McKENZIE, the Hon. Bridget",Tintern Church of England Girls Grammar School,https://handbookapi.aph.gov.au/api/individuals?$filter=PHID eq '207825',True,Confirm overseas school,Provisional institution ID: inst-unmatched-tintern-church-of-england-girls-grammar-
46,aph-207825,"McKENZIE, the Hon. Bridget",Tintern Church of England Girls Grammar School,https://handbookapi.aph.gov.au/api/individuals?$filter=PHID eq '207825',True,Confirm overseas school,Provisional institution ID: inst-unmatched-tintern-church-of-england-girls-grammar-
47,aph-207825,"McKENZIE, the Hon. Bridget",Tintern Church of England Girls Grammar School,https://handbookapi.aph.gov.au/api/individuals?$filter=PHID eq '207825',True,Confirm overseas school,Provisional institution ID: inst-unmatched-tintern-church-of-england-girls-grammar-
48,aph-jkm,"McKIM, Nicholas (Nick) James",Hutchins School,https://handbookapi.aph.gov.au/api/individuals?$filter=PHID eq 'JKM',False,Lookup in ACARA historical register,Provisional institution ID: inst-unmatched-hutchins-school
46,aph-jkm,"McKIM, Nicholas (Nick) James",Hutchins School,https://handbookapi.aph.gov.au/api/individuals?$filter=PHID eq 'JKM',False,Lookup in ACARA historical register,Provisional institution ID: inst-unmatched-hutchins-school
47,aph-jkm,"McKIM, Nicholas (Nick) James",Hutchins School,https://handbookapi.aph.gov.au/api/individuals?$filter=PHID eq 'JKM',False,Lookup in ACARA historical register,Provisional institution ID: inst-unmatched-hutchins-school
48,aph-jkm,"McKIM, Nicholas (Nick) James",Hobart Matriculation College,https://handbookapi.aph.gov.au/api/individuals?$filter=PHID eq 'JKM',False,Lookup in ACARA historical register,Provisional institution ID: inst-unmatched-hobart-matriculation-college
46,aph-jkm,"McKIM, Nicholas (Nick) James",Hobart Matriculation College,https://handbookapi.aph.gov.au/api/individuals?$filter=PHID eq 'JKM',False,Lookup in ACARA historical register,Provisional institution ID: inst-unmatched-hobart-matriculation-college
47,aph-jkm,"McKIM, Nicholas (Nick) James",Hobart Matriculation College,https://handbookapi.aph.gov.au/api/individuals?$filter=PHID eq 'JKM',False,Lookup in ACARA historical register,Provisional institution ID: inst-unmatched-hobart-matriculation-college
46,aph-282728,"MCMAHON, Samantha (Sam) Jane",Nanango State High,https://handbookapi.aph.gov.au/api/individuals?$filter=PHID eq '282728',False,Lookup in ACARA historical register,Provisional institution ID: inst-unmatched-nanango-state-high
48,aph-296272,"MILLER-FROST, Louise Jane",Banksia Park High School,https://handbookapi.aph.gov.au/api/individuals?$filter=PHID eq '296272',False,Lookup in ACARA historical register,Provisional institution ID: inst-unmatched-banksia-park-high-school
47,aph-296272,"MILLER-FROST, Louise Jane",Banksia Park High School,https://handbookapi.aph.gov.au/api/individuals?$filter=PHID eq '296272',False,Lookup in ACARA historical register,Provisional institution ID: inst-unmatched-banksia-park-high-school
46,aph-129164,"MITCHELL, Brian Keith",Maddington Senior High School,https://handbookapi.aph.gov.au/api/individuals?$filter=PHID eq '129164',False,Lookup in ACARA historical register,Provisional institution ID: inst-unmatched-maddington-senior-high-school
47,aph-129164,"MITCHELL, Brian Keith",Maddington Senior High School,https://handbookapi.aph.gov.au/api/individuals?$filter=PHID eq '129164',False,Lookup in ACARA historical register,Provisional institution ID: inst-unmatched-maddington-senior-high-school
48,aph-m3e,"MITCHELL, Robert (Rob) George",Broadmeadows Technical School,https://handbookapi.aph.gov.au/api/individuals?$filter=PHID eq 'M3E',False,Lookup in ACARA historical register,Provisional institution ID: inst-unmatched-broadmeadows-technical-school
46,aph-m3e,"MITCHELL, Robert (Rob) George",Broadmeadows Technical School,https://handbookapi.aph.gov.au/api/individuals?$filter=PHID eq 'M3E',False,Lookup in ACARA historical register,Provisional institution ID: inst-unmatched-broadmeadows-technical-school
47,aph-m3e,"MITCHELL, Robert (Rob) George",Broadmeadows Technical School,https://handbookapi.aph.gov.au/api/individuals?$filter=PHID eq 'M3E',False,Lookup in ACARA historical register,Provisional institution ID: inst-unmatched-broadmeadows-technical-school
48,aph-138932,"O'BRIEN, Edward (Ted) Lynam",Nudgee College,https://handbookapi.aph.gov.au/api/individuals?$filter=PHID eq '138932',False,Lookup in ACARA historical register,Provisional institution ID: inst-unmatched-nudgee-college
46,aph-138932,"O'BRIEN, Edward (Ted) Lynam",Nudgee College,https://handbookapi.aph.gov.au/api/individuals?$filter=PHID eq '138932',False,Lookup in ACARA historical register,Provisional institution ID: inst-unmatched-nudgee-college
47,aph-138932,"O'BRIEN, Edward (Ted) Lynam",Nudgee College,https://handbookapi.aph.gov.au/api/individuals?$filter=PHID eq '138932',False,Lookup in ACARA historical register,Provisional institution ID: inst-unmatched-nudgee-college
46,aph-00an3,"O'CONNOR, the Hon. Brendan Patrick John",St Leo's College,https://handbookapi.aph.gov.au/api/individuals?$filter=PHID eq '00AN3',False,Lookup in ACARA historical register,Provisional institution ID: inst-unmatched-st-leo-s-college
47,aph-00an3,"O'CONNOR, the Hon. Brendan Patrick John",St Leo's College,https://handbookapi.aph.gov.au/api/individuals?$filter=PHID eq '00AN3',False,Lookup in ACARA historical register,Provisional institution ID: inst-unmatched-st-leo-s-college
46,aph-139441,"O'DOWD, Kenneth (Ken) Desmond",Rockhampton Grammar School,https://handbookapi.aph.gov.au/api/individuals?$filter=PHID eq '139441',False,Lookup in ACARA historical register,Provisional institution ID: inst-unmatched-rockhampton-grammar-school
48,aph-283585,"O'SULLIVAN, Matt",Thornlie Christian College,https://handbookapi.aph.gov.au/api/individuals?$filter=PHID eq '283585',False,Lookup in ACARA historical register,Provisional institution ID: inst-unmatched-thornlie-christian-college
46,aph-283585,"O'SULLIVAN, Matt",Thornlie Christian College,https://handbookapi.aph.gov.au/api/individuals?$filter=PHID eq '283585',False,Lookup in ACARA historical register,Provisional institution ID: inst-unmatched-thornlie-christian-college
47,aph-283585,"O'SULLIVAN, Matt",Thornlie Christian College,https://handbookapi.aph.gov.au/api/individuals?$filter=PHID eq '283585',False,Lookup in ACARA historical register,Provisional institution ID: inst-unmatched-thornlie-christian-college
48,aph-240756,"PASIN, Antony (Tony)",Tennison Woods College,https://handbookapi.aph.gov.au/api/individuals?$filter=PHID eq '240756',False,Lookup in ACARA historical register,Provisional institution ID: inst-unmatched-tennison-woods-college
46,aph-240756,"PASIN, Antony (Tony)",Tennison Woods College,https://handbookapi.aph.gov.au/api/individuals?$filter=PHID eq '240756',False,Lookup in ACARA historical register,Provisional institution ID: inst-unmatched-tennison-woods-college
47,aph-240756,"PASIN, Antony (Tony)",Tennison Woods College,https://handbookapi.aph.gov.au/api/individuals?$filter=PHID eq '240756',False,Lookup in ACARA historical register,Provisional institution ID: inst-unmatched-tennison-woods-college
48,aph-300707,"PAYMAN, Fatima","Australian Islamic College, Dianella and Kewdale",https://handbookapi.aph.gov.au/api/individuals?$filter=PHID eq '300707',False,Lookup in ACARA historical register,Provisional institution ID: inst-unmatched-australian-islamic-college-dianella-and-
47,aph-300707,"PAYMAN, Fatima","Australian Islamic College, Dianella and Kewdale",https://handbookapi.aph.gov.au/api/individuals?$filter=PHID eq '300707',False,Lookup in ACARA historical register,Provisional institution ID: inst-unmatched-australian-islamic-college-dianella-and-
48,aph-144732,"PAYNE, Alicia Emma",Kambah High School,https://handbookapi.aph.gov.au/api/individuals?$filter=PHID eq '144732',False,Lookup in ACARA historical register,Provisional institution ID: inst-unmatched-kambah-high-school
46,aph-144732,"PAYNE, Alicia Emma",Kambah High School,https://handbookapi.aph.gov.au/api/individuals?$filter=PHID eq '144732',False,Lookup in ACARA historical register,Provisional institution ID: inst-unmatched-kambah-high-school
47,aph-144732,"PAYNE, Alicia Emma",Kambah High School,https://handbookapi.aph.gov.au/api/individuals?$filter=PHID eq '144732',False,Lookup in ACARA historical register,Provisional institution ID: inst-unmatched-kambah-high-school
46,aph-m56,"PAYNE, the Hon. Marise Ann",MLC,https://handbookapi.aph.gov.au/api/individuals?$filter=PHID eq 'M56',False,Lookup in ACARA historical register,Provisional institution ID: inst-unmatched-mlc
47,aph-m56,"PAYNE, the Hon. Marise Ann",MLC,https://handbookapi.aph.gov.au/api/individuals?$filter=PHID eq 'M56',False,Lookup in ACARA historical register,Provisional institution ID: inst-unmatched-mlc
48,aph-248895,"PENFOLD, Alison Louise",St Clare's High School Taree,https://handbookapi.aph.gov.au/api/individuals?$filter=PHID eq '248895',False,Lookup in ACARA historical register,Provisional institution ID: inst-unmatched-st-clare-s-high-school-taree
48,aph-83m,"PLIBERSEK, the Hon. Tanya Joan",Jannali Girls High School,https://handbookapi.aph.gov.au/api/individuals?$filter=PHID eq '83M',False,Lookup in ACARA historical register,Provisional institution ID: inst-unmatched-jannali-girls-high-school
46,aph-83m,"PLIBERSEK, the Hon. Tanya Joan",Jannali Girls High School,https://handbookapi.aph.gov.au/api/individuals?$filter=PHID eq '83M',False,Lookup in ACARA historical register,Provisional institution ID: inst-unmatched-jannali-girls-high-school
47,aph-83m,"PLIBERSEK, the Hon. Tanya Joan",Jannali Girls High School,https://handbookapi.aph.gov.au/api/individuals?$filter=PHID eq '83M',False,Lookup in ACARA historical register,Provisional institution ID: inst-unmatched-jannali-girls-high-school
48,aph-bfq,"POCOCK, Dr Barbara Ann AM",Lameroo Area School,https://handbookapi.aph.gov.au/api/individuals?$filter=PHID eq 'BFQ',False,Lookup in ACARA historical register,Provisional institution ID: inst-unmatched-lameroo-area-school
47,aph-bfq,"POCOCK, Dr Barbara Ann AM",Lameroo Area School,https://handbookapi.aph.gov.au/api/individuals?$filter=PHID eq 'BFQ',False,Lookup in ACARA historical register,Provisional institution ID: inst-unmatched-lameroo-area-school
48,aph-bfq,"POCOCK, Dr Barbara Ann AM",Norwood High School,https://handbookapi.aph.gov.au/api/individuals?$filter=PHID eq 'BFQ',False,Lookup in ACARA historical register,Provisional institution ID: inst-unmatched-norwood-high-school
47,aph-bfq,"POCOCK, Dr Barbara Ann AM",Norwood High School,https://handbookapi.aph.gov.au/api/individuals?$filter=PHID eq 'BFQ',False,Lookup in ACARA historical register,Provisional institution ID: inst-unmatched-norwood-high-school
48,aph-249308,"PRICE, the Hon. Melissa Lee",Prendiville Ladies College,https://handbookapi.aph.gov.au/api/individuals?$filter=PHID eq '249308',False,Lookup in ACARA historical register,Provisional institution ID: inst-unmatched-prendiville-ladies-college
46,aph-249308,"PRICE, the Hon. Melissa Lee",Prendiville Ladies College,https://handbookapi.aph.gov.au/api/individuals?$filter=PHID eq '249308',False,Lookup in ACARA historical register,Provisional institution ID: inst-unmatched-prendiville-ladies-college
47,aph-249308,"PRICE, the Hon. Melissa Lee",Prendiville Ladies College,https://handbookapi.aph.gov.au/api/individuals?$filter=PHID eq '249308',False,Lookup in ACARA historical register,Provisional institution ID: inst-unmatched-prendiville-ladies-college
48,aph-298840,"REPACHOLI, Dan",Wilson Park Secondary College,https://handbookapi.aph.gov.au/api/individuals?$filter=PHID eq '298840',False,Lookup in ACARA historical register,Provisional institution ID: inst-unmatched-wilson-park-secondary-college
47,aph-298840,"REPACHOLI, Dan",Wilson Park Secondary College,https://handbookapi.aph.gov.au/api/individuals?$filter=PHID eq '298840',False,Lookup in ACARA historical register,Provisional institution ID: inst-unmatched-wilson-park-secondary-college
46,aph-250216,"REYNOLDS, the Hon. Linda Karen, CSC",St Brigid's Ladies College,https://handbookapi.aph.gov.au/api/individuals?$filter=PHID eq '250216',False,Lookup in ACARA historical register,Provisional institution ID: inst-unmatched-st-brigid-s-ladies-college
47,aph-250216,"REYNOLDS, the Hon. Linda Karen, CSC",St Brigid's Ladies College,https://handbookapi.aph.gov.au/api/individuals?$filter=PHID eq '250216',False,Lookup in ACARA historical register,Provisional institution ID: inst-unmatched-st-brigid-s-ladies-college
46,aph-155410,"RICE, Janet Elizabeth",Lowther Hall Anglican Girls School,https://handbookapi.aph.gov.au/api/individuals?$filter=PHID eq '155410',False,Lookup in ACARA historical register,Provisional institution ID: inst-unmatched-lowther-hall-anglican-girls-school
47,aph-155410,"RICE, Janet Elizabeth",Lowther Hall Anglican Girls School,https://handbookapi.aph.gov.au/api/individuals?$filter=PHID eq '155410',False,Lookup in ACARA historical register,Provisional institution ID: inst-unmatched-lowther-hall-anglican-girls-school
46,aph-hwt,"ROBERT, the Hon. Stuart Rowland",Rockhampton Grammar School,https://handbookapi.aph.gov.au/api/individuals?$filter=PHID eq 'HWT',False,Lookup in ACARA historical register,Provisional institution ID: inst-unmatched-rockhampton-grammar-school
47,aph-hwt,"ROBERT, the Hon. Stuart Rowland",Rockhampton Grammar School,https://handbookapi.aph.gov.au/api/individuals?$filter=PHID eq 'HWT',False,Lookup in ACARA historical register,Provisional institution ID: inst-unmatched-rockhampton-grammar-school
48,aph-249224,"RYAN, Joanne Catherine",Mount St Joseph's College,https://handbookapi.aph.gov.au/api/individuals?$filter=PHID eq '249224',False,Lookup in ACARA historical register,Provisional institution ID: inst-unmatched-mount-st-joseph-s-college
46,aph-249224,"RYAN, Joanne Catherine",Mount St Joseph's College,https://handbookapi.aph.gov.au/api/individuals?$filter=PHID eq '249224',False,Lookup in ACARA historical register,Provisional institution ID: inst-unmatched-mount-st-joseph-s-college
47,aph-249224,"RYAN, Joanne Catherine",Mount St Joseph's College,https://handbookapi.aph.gov.au/api/individuals?$filter=PHID eq '249224',False,Lookup in ACARA historical register,Provisional institution ID: inst-unmatched-mount-st-joseph-s-college
48,aph-297660,"RYAN, Monique Marie","Loreto Convent, Toorak",https://handbookapi.aph.gov.au/api/individuals?$filter=PHID eq '297660',False,Lookup in ACARA historical register,Provisional institution ID: inst-unmatched-loreto-convent-toorak
47,aph-297660,"RYAN, Monique Marie","Loreto Convent, Toorak",https://handbookapi.aph.gov.au/api/individuals?$filter=PHID eq '297660',False,Lookup in ACARA historical register,Provisional institution ID: inst-unmatched-loreto-convent-toorak
46,aph-hze,"SESELJA, the Hon. Zdenko Matthew (Zed)",Padua Catholic College,https://handbookapi.aph.gov.au/api/individuals?$filter=PHID eq 'HZE',False,Lookup in ACARA historical register,Provisional institution ID: inst-unmatched-padua-catholic-college
48,aph-265980,"SHARKIE, Rebekha Carina Che",Eynesbury College,https://handbookapi.aph.gov.au/api/individuals?$filter=PHID eq '265980',False,Lookup in ACARA historical register,Provisional institution ID: inst-unmatched-eynesbury-college
46,aph-265980,"SHARKIE, Rebekha Carina Che",Eynesbury College,https://handbookapi.aph.gov.au/api/individuals?$filter=PHID eq '265980',False,Lookup in ACARA historical register,Provisional institution ID: inst-unmatched-eynesbury-college
47,aph-265980,"SHARKIE, Rebekha Carina Che",Eynesbury College,https://handbookapi.aph.gov.au/api/individuals?$filter=PHID eq '265980',False,Lookup in ACARA historical register,Provisional institution ID: inst-unmatched-eynesbury-college
46,aph-00apg,"SMITH, the Hon. Anthony (Tony) David Hawthorn",Carey Grammar School,https://handbookapi.aph.gov.au/api/individuals?$filter=PHID eq '00APG',False,Lookup in ACARA historical register,Provisional institution ID: inst-unmatched-carey-grammar-school
48,aph-241710,"SMITH, Dean Anthony",Mirrabooka Senior High School,https://handbookapi.aph.gov.au/api/individuals?$filter=PHID eq '241710',False,Lookup in ACARA historical register,Provisional institution ID: inst-unmatched-mirrabooka-senior-high-school
46,aph-241710,"SMITH, Dean Anthony",Mirrabooka Senior High School,https://handbookapi.aph.gov.au/api/individuals?$filter=PHID eq '241710',False,Lookup in ACARA historical register,Provisional institution ID: inst-unmatched-mirrabooka-senior-high-school
47,aph-241710,"SMITH, Dean Anthony",Mirrabooka Senior High School,https://handbookapi.aph.gov.au/api/individuals?$filter=PHID eq '241710',False,Lookup in ACARA historical register,Provisional institution ID: inst-unmatched-mirrabooka-senior-high-school
48,aph-281603,"SMITH, Marielle Feuerherdt","University Senior College, Adelaide",https://handbookapi.aph.gov.au/api/individuals?$filter=PHID eq '281603',False,Lookup in ACARA historical register,Provisional institution ID: inst-unmatched-university-senior-college-adelaide
46,aph-281603,"SMITH, Marielle Feuerherdt","University Senior College, Adelaide",https://handbookapi.aph.gov.au/api/individuals?$filter=PHID eq '281603',False,Lookup in ACARA historical register,Provisional institution ID: inst-unmatched-university-senior-college-adelaide
47,aph-281603,"SMITH, Marielle Feuerherdt","University Senior College, Adelaide",https://handbookapi.aph.gov.au/api/individuals?$filter=PHID eq '281603',False,Lookup in ACARA historical register,Provisional institution ID: inst-unmatched-university-senior-college-adelaide
48,aph-250156,"STEELE-JOHN, Jordon Alexander",Home educated,https://handbookapi.aph.gov.au/api/individuals?$filter=PHID eq '250156',False,Lookup in ACARA historical register,Provisional institution ID: inst-unmatched-home-educated
46,aph-250156,"STEELE-JOHN, Jordon Alexander",Home educated,https://handbookapi.aph.gov.au/api/individuals?$filter=PHID eq '250156',False,Lookup in ACARA historical register,Provisional institution ID: inst-unmatched-home-educated
47,aph-250156,"STEELE-JOHN, Jordon Alexander",Home educated,https://handbookapi.aph.gov.au/api/individuals?$filter=PHID eq '250156',False,Lookup in ACARA historical register,Provisional institution ID: inst-unmatched-home-educated
48,aph-231027,"TAYLOR, the Hon. Angus James",King's School,https://handbookapi.aph.gov.au/api/individuals?$filter=PHID eq '231027',False,Lookup in ACARA historical register,Provisional institution ID: inst-unmatched-king-s-school
46,aph-231027,"TAYLOR, the Hon. Angus James",King's School,https://handbookapi.aph.gov.au/api/individuals?$filter=PHID eq '231027',False,Lookup in ACARA historical register,Provisional institution ID: inst-unmatched-king-s-school
47,aph-231027,"TAYLOR, the Hon. Angus James",King's School,https://handbookapi.aph.gov.au/api/individuals?$filter=PHID eq '231027',False,Lookup in ACARA historical register,Provisional institution ID: inst-unmatched-king-s-school
48,aph-210911,"TEHAN, the Hon. Daniel (Dan) Thomas",Mansfield High School,https://handbookapi.aph.gov.au/api/individuals?$filter=PHID eq '210911',False,Lookup in ACARA historical register,Provisional institution ID: inst-unmatched-mansfield-high-school
46,aph-210911,"TEHAN, the Hon. Daniel (Dan) Thomas",Mansfield High School,https://handbookapi.aph.gov.au/api/individuals?$filter=PHID eq '210911',False,Lookup in ACARA historical register,Provisional institution ID: inst-unmatched-mansfield-high-school
47,aph-210911,"TEHAN, the Hon. Daniel (Dan) Thomas",Mansfield High School,https://handbookapi.aph.gov.au/api/individuals?$filter=PHID eq '210911',False,Lookup in ACARA historical register,Provisional institution ID: inst-unmatched-mansfield-high-school
48,aph-280304,"THORPE, Lidia Alma",Fitzroy and Collingwood Secondary Schools,https://handbookapi.aph.gov.au/api/individuals?$filter=PHID eq '280304',False,Lookup in ACARA historical register,Provisional institution ID: inst-unmatched-fitzroy-and-collingwood-secondary-school
46,aph-280304,"THORPE, Lidia Alma",Fitzroy and Collingwood Secondary Schools,https://handbookapi.aph.gov.au/api/individuals?$filter=PHID eq '280304',False,Lookup in ACARA historical register,Provisional institution ID: inst-unmatched-fitzroy-and-collingwood-secondary-school
47,aph-280304,"THORPE, Lidia Alma",Fitzroy and Collingwood Secondary Schools,https://handbookapi.aph.gov.au/api/individuals?$filter=PHID eq '280304',False,Lookup in ACARA historical register,Provisional institution ID: inst-unmatched-fitzroy-and-collingwood-secondary-school
48,aph-282212,"THWAITES, the Hon. Kate Lynne",MLC,https://handbookapi.aph.gov.au/api/individuals?$filter=PHID eq '282212',False,Lookup in ACARA historical register,Provisional institution ID: inst-unmatched-mlc
46,aph-282212,"THWAITES, the Hon. Kate Lynne",MLC,https://handbookapi.aph.gov.au/api/individuals?$filter=PHID eq '282212',False,Lookup in ACARA historical register,Provisional institution ID: inst-unmatched-mlc
47,aph-282212,"THWAITES, the Hon. Kate Lynne",MLC,https://handbookapi.aph.gov.au/api/individuals?$filter=PHID eq '282212',False,Lookup in ACARA historical register,Provisional institution ID: inst-unmatched-mlc
48,aph-300639,"TYRRELL, Tammy Marie",Ulverstone High School,https://handbookapi.aph.gov.au/api/individuals?$filter=PHID eq '300639',False,Lookup in ACARA historical register,Provisional institution ID: inst-unmatched-ulverstone-high-school
47,aph-300639,"TYRRELL, Tammy Marie",Ulverstone High School,https://handbookapi.aph.gov.au/api/individuals?$filter=PHID eq '300639',False,Lookup in ACARA historical register,Provisional institution ID: inst-unmatched-ulverstone-high-school
48,aph-231199,"URQUHART, Anne Elizabeth",Ulverstone High School,https://handbookapi.aph.gov.au/api/individuals?$filter=PHID eq '231199',False,Lookup in ACARA historical register,Provisional institution ID: inst-unmatched-ulverstone-high-school
46,aph-231199,"URQUHART, Anne Elizabeth",Ulverstone High School,https://handbookapi.aph.gov.au/api/individuals?$filter=PHID eq '231199',False,Lookup in ACARA historical register,Provisional institution ID: inst-unmatched-ulverstone-high-school
47,aph-231199,"URQUHART, Anne Elizabeth",Ulverstone High School,https://handbookapi.aph.gov.au/api/individuals?$filter=PHID eq '231199',False,Lookup in ACARA historical register,Provisional institution ID: inst-unmatched-ulverstone-high-school
46,aph-00amt,"VAMVAKINOU, Maria",Princess Hill High School,https://handbookapi.aph.gov.au/api/individuals?$filter=PHID eq '00AMT',False,Lookup in ACARA historical register,Provisional institution ID: inst-unmatched-princess-hill-high-school
47,aph-00amt,"VAMVAKINOU, Maria",Princess Hill High School,https://handbookapi.aph.gov.au/api/individuals?$filter=PHID eq '00AMT',False,Lookup in ACARA historical register,Provisional institution ID: inst-unmatched-princess-hill-high-school
48,aph-192970,"WATERS, Larissa Joy",Kelvin Grove State High School,https://handbookapi.aph.gov.au/api/individuals?$filter=PHID eq '192970',False,Lookup in ACARA historical register,Provisional institution ID: inst-unmatched-kelvin-grove-state-high-school
46,aph-192970,"WATERS, Larissa Joy",Kelvin Grove State High School,https://handbookapi.aph.gov.au/api/individuals?$filter=PHID eq '192970',False,Lookup in ACARA historical register,Provisional institution ID: inst-unmatched-kelvin-grove-state-high-school
47,aph-192970,"WATERS, Larissa Joy",Kelvin Grove State High School,https://handbookapi.aph.gov.au/api/individuals?$filter=PHID eq '192970',False,Lookup in ACARA historical register,Provisional institution ID: inst-unmatched-kelvin-grove-state-high-school
48,aph-193430,"WATTS, the Hon. Timothy (Tim) Graham",Centenary Heights High School,https://handbookapi.aph.gov.au/api/individuals?$filter=PHID eq '193430',False,Lookup in ACARA historical register,Provisional institution ID: inst-unmatched-centenary-heights-high-school
46,aph-193430,"WATTS, the Hon. Timothy (Tim) Graham",Centenary Heights High School,https://handbookapi.aph.gov.au/api/individuals?$filter=PHID eq '193430',False,Lookup in ACARA historical register,Provisional institution ID: inst-unmatched-centenary-heights-high-school
47,aph-193430,"WATTS, the Hon. Timothy (Tim) Graham",Centenary Heights High School,https://handbookapi.aph.gov.au/api/individuals?$filter=PHID eq '193430',False,Lookup in ACARA historical register,Provisional institution ID: inst-unmatched-centenary-heights-high-school
48,aph-281688,"WEBSTER, Dr Anne Elizabeth",Taralgon High School,https://handbookapi.aph.gov.au/api/individuals?$filter=PHID eq '281688',False,Lookup in ACARA historical register,Provisional institution ID: inst-unmatched-taralgon-high-school
46,aph-281688,"WEBSTER, Dr Anne Elizabeth",Taralgon High School,https://handbookapi.aph.gov.au/api/individuals?$filter=PHID eq '281688',False,Lookup in ACARA historical register,Provisional institution ID: inst-unmatched-taralgon-high-school
47,aph-281688,"WEBSTER, Dr Anne Elizabeth",Taralgon High School,https://handbookapi.aph.gov.au/api/individuals?$filter=PHID eq '281688',False,Lookup in ACARA historical register,Provisional institution ID: inst-unmatched-taralgon-high-school
47,aph-iwk,"WHITE, Linda",Greythorn High School,https://handbookapi.aph.gov.au/api/individuals?$filter=PHID eq 'IWK',False,Lookup in ACARA historical register,Provisional institution ID: inst-unmatched-greythorn-high-school
48,aph-224102,"WHITE, the Hon Rebecca Peta",Sorell High School,https://handbookapi.aph.gov.au/api/individuals?$filter=PHID eq '224102',False,Lookup in ACARA historical register,Provisional institution ID: inst-unmatched-sorell-high-school
46,aph-241590,"WICKS, Lucy Elizabeth",Duval High School,https://handbookapi.aph.gov.au/api/individuals?$filter=PHID eq '241590',False,Lookup in ACARA historical register,Provisional institution ID: inst-unmatched-duval-high-school
46,aph-241590,"WICKS, Lucy Elizabeth",Gosford Christian School,https://handbookapi.aph.gov.au/api/individuals?$filter=PHID eq '241590',False,Lookup in ACARA historical register,Provisional institution ID: inst-unmatched-gosford-christian-school
48,aph-c2t,"WILKIE, Andrew Damien",St Gregory's College,https://handbookapi.aph.gov.au/api/individuals?$filter=PHID eq 'C2T',False,Lookup in ACARA historical register,Provisional institution ID: inst-unmatched-st-gregory-s-college
46,aph-c2t,"WILKIE, Andrew Damien",St Gregory's College,https://handbookapi.aph.gov.au/api/individuals?$filter=PHID eq 'C2T',False,Lookup in ACARA historical register,Provisional institution ID: inst-unmatched-st-gregory-s-college
47,aph-c2t,"WILKIE, Andrew Damien",St Gregory's College,https://handbookapi.aph.gov.au/api/individuals?$filter=PHID eq 'C2T',False,Lookup in ACARA historical register,Provisional institution ID: inst-unmatched-st-gregory-s-college
48,aph-265970,"WILSON, the Hon. Joshua (Josh) Hamilton",John Curtin High School,https://handbookapi.aph.gov.au/api/individuals?$filter=PHID eq '265970',False,Lookup in ACARA historical register,Provisional institution ID: inst-unmatched-john-curtin-high-school
46,aph-265970,"WILSON, the Hon. Joshua (Josh) Hamilton",John Curtin High School,https://handbookapi.aph.gov.au/api/individuals?$filter=PHID eq '265970',False,Lookup in ACARA historical register,Provisional institution ID: inst-unmatched-john-curtin-high-school
47,aph-265970,"WILSON, the Hon. Joshua (Josh) Hamilton",John Curtin High School,https://handbookapi.aph.gov.au/api/individuals?$filter=PHID eq '265970',False,Lookup in ACARA historical register,Provisional institution ID: inst-unmatched-john-curtin-high-school
48,aph-265970,"WILSON, the Hon. Joshua (Josh) Hamilton",Swanbourne High School,https://handbookapi.aph.gov.au/api/individuals?$filter=PHID eq '265970',False,Lookup in ACARA historical register,Provisional institution ID: inst-unmatched-swanbourne-high-school
46,aph-265970,"WILSON, the Hon. Joshua (Josh) Hamilton",Swanbourne High School,https://handbookapi.aph.gov.au/api/individuals?$filter=PHID eq '265970',False,Lookup in ACARA historical register,Provisional institution ID: inst-unmatched-swanbourne-high-school
47,aph-265970,"WILSON, the Hon. Joshua (Josh) Hamilton",Swanbourne High School,https://handbookapi.aph.gov.au/api/individuals?$filter=PHID eq '265970',False,Lookup in ACARA historical register,Provisional institution ID: inst-unmatched-swanbourne-high-school
48,aph-e0f,"WOOD, the Hon. Jason Peter",Ferntree Gully Technical School,https://handbookapi.aph.gov.au/api/individuals?$filter=PHID eq 'E0F',False,Lookup in ACARA historical register,Provisional institution ID: inst-unmatched-ferntree-gully-technical-school
46,aph-e0f,"WOOD, the Hon. Jason Peter",Ferntree Gully Technical School,https://handbookapi.aph.gov.au/api/individuals?$filter=PHID eq 'E0F',False,Lookup in ACARA historical register,Provisional institution ID: inst-unmatched-ferntree-gully-technical-school
47,aph-e0f,"WOOD, the Hon. Jason Peter",Ferntree Gully Technical School,https://handbookapi.aph.gov.au/api/individuals?$filter=PHID eq 'E0F',False,Lookup in ACARA historical register,Provisional institution ID: inst-unmatched-ferntree-gully-technical-school
48,aph-hwb,"ZAPPIA, Antonio (Tony)",Enfield High School,https://handbookapi.aph.gov.au/api/individuals?$filter=PHID eq 'HWB',False,Lookup in ACARA historical register,Provisional institution ID: inst-unmatched-enfield-high-school
46,aph-hwb,"ZAPPIA, Antonio (Tony)",Enfield High School,https://handbookapi.aph.gov.au/api/individuals?$filter=PHID eq 'HWB',False,Lookup in ACARA historical register,Provisional institution ID: inst-unmatched-enfield-high-school
47,aph-hwb,"ZAPPIA, Antonio (Tony)",Enfield High School,https://handbookapi.aph.gov.au/api/individuals?$filter=PHID eq 'HWB',False,Lookup in ACARA historical register,Provisional institution ID: inst-unmatched-enfield-high-school
