member_id,family_name,given_name,display_name,gender,date_of_birth,aph_id,wikidata_id
aph-008ch,Daniel,Zoe,"DANIEL, Zoe",Female,1972-11-28,008CH,
aph-008k0,Byrne,Anthony,"BYRNE, the Hon. Anthony Michael",Male,1962-12-01,008K0,
aph-008w7,Brandis,George,"BRANDIS, the Hon. George Henry, KC",Male,1957-06-22,008W7,
aph-008z0,Phelps,Kerryn,"PHELPS, Kerryn Lyndel, AM",Female,1957-12-14,008Z0,
aph-009lp,Windsor,Antony,"WINDSOR, Antony (Tony) Harold Curties, AM",Male,1950-09-02,009LP,
aph-00aki,Dutton,Peter,"DUTTON, the Hon. Peter Craig",Male,1970-11-18,00AKI,
aph-00amm,Hartsuyker,Luke,"HARTSUYKER, the Hon. Luke",Male,1959-04-28,00AMM,
aph-00amn,Ley,Sussan,"LEY, the Hon. Sussan Penelope",Female,1961-12-14,00AMN,
aph-00amo,Farmer,Patrick,"FARMER, the Hon. Patrick Francis, AM",Male,1962-03-14,00AMO,
aph-00amp,Grierson,Sharon,"GRIERSON, Sharon Joy",Female,1951-05-04,00AMP,
aph-00amr,King,Catherine,"KING, the Hon. Catherine Fiona",Female,1966-06-02,00AMR,
aph-00amt,Vamvakinou,Maria,"VAMVAKINOU, Maria",Female,1959-01-04,00AMT,
aph-00amu,Mirabella (Formerly Panopoulos),Sophie,"MIRABELLA (formerly Panopolous), Sophie",Female,1968-10-27,00AMU,
aph-00amv,Hunt,Gregory,"HUNT, the Hon. Gregory (Greg) Andrew",Male,1965-11-18,00AMV,
aph-00amx,Johnson,Michael,"JOHNSON, Michael Andrew",Male,1970-01-31,00AMX,
aph-00an0,Ciobo,Steven,"CIOBO, the Hon. Steven Michele",Male,1974-05-29,00AN0,
aph-00an1,Cobb,John,"COBB, the Hon. John Kenneth",Male,1950-02-11,00AN1,
aph-00an2,Jackson,Sharryn,"JACKSON, Sharryn Maree",Female,1962-02-12,00AN2,
aph-00an3,O'Connor,Brendan,"O'CONNOR, the Hon. Brendan Patrick John",Male,1962-03-02,00AN3,
aph-00aol,Colbeck,Richard,"COLBECK, the Hon. Richard Mansell",Male,1958-04-05,00AOL,
aph-00aom,Scullion,Nigel,"SCULLION, the Hon. Nigel Gregory",Male,1956-05-04,00AOM,
aph-00aon,Johnston,David,"JOHNSTON, the Hon. David Albert Lloyd",Male,1956-02-14,00AON,
aph-00aoo,Kirk,Linda,"KIRK, Linda Jean",Female,1967-05-24,00AOO,
aph-00aop,Marshall,Gavin,"MARSHALL, Gavin Mark",Male,1960-03-25,00AOP,
aph-00aoq,Moore,Claire,"MOORE, Claire Mary",Female,1956-02-19,00AOQ,
aph-00aor,Nettle,Kerry,"NETTLE, Kerry Michelle",Female,1973-12-24,00AOR,
aph-00aos,Stephens,Ursula,"STEPHENS, the Hon. Ursula Mary",Female,1954-07-07,00AOS,
aph-00aot,Webber,Ruth,"WEBBER, Ruth Stephanie",Female,1965-03-24,00AOT,
aph-00aou,Wong,Penelope,"WONG, the Hon. Penelope (Penny) Ying-Yen",Female,1968-11-05,00AOU,
aph-00apg,Smith,Anthony,"SMITH, the Hon. Anthony (Tony) David Hawthorn",Male,1967-03-13,00APG,
aph-00atg,Shorten,William,"SHORTEN, the Hon. William (Bill) Richard",Male,1967-05-12,00ATG,
aph-00auf,Barnett,Guy,"BARNETT, Guy",Male,1962-04-05,00AUF,
aph-00bcm,Hendy,Peter,"HENDY, the Hon. Dr Peter William",Male,1962-01-10,00BCM,
aph-0j4,Ruddock,Philip,"RUDDOCK, the Hon. Philip Maxwell, AO",Male,1943-03-12,0J4,
aph-0v5,Slipper,Peter,"SLIPPER, the Hon. Peter Neil",Male,1950-02-14,0V5,
aph-101351,Khalil,Peter,"KHALIL, the Hon. Peter",Male,1973-03-23,101351,
aph-102376,King,Madeleine,"KING, the Hon. Madeleine Mary Harvie",Female,1973-03-31,102376,
aph-108616,Lazarus,Glenn,"LAZARUS, Glenn Patrick",Male,1965-12-11,108616,
aph-109556,Leeser,Julian,"LEESER, Julian Martin",Male,1976-05-25,109556,
aph-111206,Leyonhjelm,David,"LEYONHJELM, David Ean",Male,1952-04-01,111206,
aph-112096,Lines,Susan,"LINES, the Hon. Susan (Sue)",Female,1953-12-15,112096,
aph-11788,Aldred,Mary,"ALDRED, Mary",Female,1983-03-09,11788,
aph-121628,Mcallister,Jennifer,"McALLISTER, the Hon. Jennifer (Jenny) Ryll",Female,1973-07-04,121628,
aph-122087,Mccarthy,Malarndirri,"McCARTHY, the Hon. Malarndirri Barbara Anne",Female,,122087,
aph-123072,Mcdonald,Susan,"McDONALD, Susan Eileen",Female,1970-02-07,123072,
aph-123674,Mcgowan,Catherine,"McGOWAN, Catherine (Cathy), AO",Female,1953-11-29,123674,
aph-124514,Mckenzie,Zoe,"McKENZIE, Zoe Anne",Female,1972-10-02,124514,
aph-125865,Mcveigh,John,"McVEIGH, the Hon. Dr John Joseph",Male,1965-05-13,125865,
aph-129164,Mitchell,Brian,"MITCHELL, Brian Keith",Male,,129164,
aph-13050,Aly,Anne,"ALY, the Hon. Dr Anne",Female,1967-03-29,13050,
aph-132880,Mulino,Daniel,"MULINO, the Hon. Dr Daniel",Male,1969-11-06,132880,
aph-133646,Murphy,Peta,"MURPHY, Peta Jan",Female,1973-11-01,133646,
aph-137174,Nikolic,Andrew,"NIKOLIC, Andrew Alexander, AM, CSC",Male,1961-06-20,137174,
aph-138932,O'Brien,Edward,"O'BRIEN, Edward (Ted) Lynam",Male,1974-05-07,138932,
aph-139441,O'Dowd,Kenneth,"O'DOWD, Kenneth (Ken) Desmond",Male,1950-06-30,139441,
aph-140590,O'Neil,Clare,"O'NEIL, the Hon. Clare Ellen",Female,1980-09-12,140590,
aph-140651,O'Neill,Deborah,"O'NEILL, Deborah (Deb) Mary",Female,1961-06-04,140651,
aph-144138,Paterson,James,"PATERSON, James William",Male,1987-11-21,144138,
aph-144292,Patrick,Rex,"PATRICK, Rex Lyall",Male,1967-05-08,144292,
aph-144732,Payne,Alicia,"PAYNE, Alicia Emma",Female,1982-07-24,144732,
aph-147140,Phillips,Fiona,"PHILLIPS, Fiona Evon",Female,1970-02-18,147140,
aph-148150,Pitt,Keith,"PITT, the Hon. Keith John",Male,1969-08-31,148150,
aph-155410,Rice,Janet,"RICE, Janet Elizabeth",Female,1960-11-18,155410,
aph-157125,Roberts,Tracey,"ROBERTS, Tracey",Female,,157125,
aph-159771,Rowland,Michelle,"ROWLAND, the Hon. Michelle Anne",Female,1971-11-16,159771,
aph-165476,Scott,Fiona,"SCOTT, Fiona Meryl",Female,1977-03-01,165476,
aph-168275,Sheldon,Anthony,"SHELDON, Anthony (Tony) Vincent",Male,1961-08-26,168275,
aph-169119,Shoebridge,David,"SHOEBRIDGE, David",Male,1971-09-17,169119,
aph-16913,Ayres,Timothy,"AYRES, the Hon. Timothy (Tim)",Male,1973-12-18,16913,
aph-170166,Simms,Robert,"SIMMS, Robert Andrew",Male,1984-03-26,170166,
aph-172770,Smyth,Laura,"SMYTH, Laura Mary",Female,1976-11-12,172770,
aph-175696,Steggall,Zali,"STEGGALL, Zali, OAM",Female,1974-04-16,175696,
aph-176304,Stevens,James,"STEVENS, James William",Male,1983-03-27,176304,
aph-181810,Templeman,Susan,"TEMPLEMAN, Susan Raye",Female,1963-07-30,181810,
aph-182468,Thistlethwaite,Matthew,"THISTLETHWAITE, the Hon. Matthew (Matt) James",Male,1972-09-06,182468,
aph-183342,Thorp,Lin,"THORP, the Hon. Lin Estelle",Female,1953-11-04,183342,
aph-18661,Banks,Julia,"BANKS, Julia",Female,,18661,
aph-188315,Van Manen,Albertus,"VAN MANEN, Albertus (Bert) Johannes",Male,1965-03-24,188315,
aph-192970,Waters,Larissa,"WATERS, Larissa Joy",Female,1977-02-08,192970,
aph-193430,Watts,Timothy,"WATTS, the Hon. Timothy (Tim) Graham",Male,1982-06-08,193430,
aph-195565,Whish-Wilson,Peter,"WHISH-WILSON, Peter Stuart",Male,1968-02-24,195565,
aph-198084,Wilson,Richard,"WILSON, Richard (Rick) James",Male,1966-01-02,198084,
aph-1k6,Billson,Bruce,"BILLSON, the Hon. Bruce Fredrick",Male,1966-01-26,1K6,
aph-1m6,Allison,Lynette,"ALLISON, Lynette (Lyn) Fay",Female,1946-10-21,1M6,
aph-200287,Wright,Penelope,"WRIGHT, Penelope (Penny) Lesley",Female,1961-01-19,200287,
aph-201906,Young,Terry,"YOUNG, Terry James",Male,1968-02-20,201906,
aph-203092,Zimmerman,Trent,"ZIMMERMAN, Trent Moir",Male,1968-10-15,203092,
aph-204953,Gallacher,Alexander,"GALLACHER, Alexander (Alex) McEachian",Male,1954-01-01,204953,
aph-207800,Whiteley,Brett,"WHITELEY, Brett David",Male,1960-07-01,207800,
aph-207807,Burston,Brian,"BURSTON, Brian",Male,1948-02-25,207807,
aph-207825,Mckenzie,Bridget,"McKENZIE, the Hon. Bridget",Female,1969-12-27,207825,
aph-208884,Porter,Charles,"PORTER, the Hon. Charles Christian (Christian)",Male,1970-07-11,208884,
aph-210911,Tehan,Daniel,"TEHAN, the Hon. Daniel (Dan) Thomas",Male,1968-01-27,210911,
aph-212585,Hutchinson,Eric,"HUTCHINSON, Eric Russell",Male,1965-06-19,212585,
aph-217241,Mcgrath,James,"McGRATH, the Hon. James",Male,1974-05-14,217241,
aph-217266,Prentice,Jane,"PRENTICE, the Hon. Jane",Female,1953-06-22,217266,
aph-217571,Madigan,John,"MADIGAN, John Joseph",Male,1966-07-21,217571,
aph-218019,Hogan,Kevin,"HOGAN, the Hon. Kevin John",Male,1963-08-11,218019,
aph-219646,Mccormack,Michael,"McCORMACK, the Hon. Michael Francis",Male,1964-08-02,219646,
aph-220370,Griggs,Natasha,"GRIGGS, Natasha Louise",Female,1969-01-24,220370,
aph-224102,White,Rebecca,"WHITE, the Hon Rebecca Peta",Female,,224102,
aph-225099,Dastyari,Sam,"DASTYARI, Sam",Male,1983-07-28,225099,
aph-225307,Edwards,Sean,"EDWARDS, Sean Christopher",Male,1962-01-02,225307,
aph-230485,Christensen,George,"CHRISTENSEN, George Robert",Male,1978-06-30,230485,
aph-230531,Buchholz,Scott,"BUCHHOLZ, the Hon. Scott Andrew",Male,1968-03-27,230531,
aph-230886,Andrews,Karen,"ANDREWS, the Hon. Karen Lesley",Female,1960-08-23,230886,
aph-231027,Taylor,Angus,"TAYLOR, the Hon. Angus James",Male,1966-09-30,231027,
aph-231199,Urquhart,Anne,"URQUHART, Anne Elizabeth",Female,1957-10-18,231199,
aph-23497,Berry,Carol,"BERRY, Carol",Female,1975-11-19,23497,
aph-235654,Wolahan,Keith,"WOLAHAN, Keith",Male,1977-09-30,235654,
aph-237920,Stoker,Amanda,"STOKER, the Hon. Amanda Jane",Female,1982-10-30,237920,
aph-240756,Pasin,Antony,"PASIN, Antony (Tony)",Male,1977-10-01,240756,
aph-241067,Coleman,David,"COLEMAN, the Hon. David Bernard",Male,1974-03-05,241067,
aph-241586,Sudmalis,Ann,"SUDMALIS, Ann Elizabeth",Female,1955-09-16,241586,
aph-241589,Mcnamara,Karen,"McNAMARA, Karen Jane",Female,1964-04-23,241589,
aph-241590,Wicks,Lucy,"WICKS, Lucy Elizabeth",Female,1973-01-01,241590,
aph-241710,Smith,Dean,"SMITH, Dean Anthony",Male,1969-05-15,241710,
aph-242515,Sukkar,Michael,"SUKKAR, the Hon. Michael Sven",Male,1981-09-11,242515,
aph-243237,Bullock,Joseph,"BULLOCK, Joseph (Joe) Warrington",Male,1955-04-13,243237,
aph-243273,Ruston,Anne,"RUSTON, the Hon. Anne Sowerby",Female,1963-06-10,243273,
aph-243609,Giles,Andrew,"GILES, the Hon. Andrew James",Male,1973-07-31,243609,
aph-244247,Ketter,Christopher,"KETTER, Christopher (Chris) Ronald",Male,1961-02-12,244247,
aph-244276,Spender,Duncan,"SPENDER, Duncan",Male,1975-06-18,244276,
aph-245212,Canavan,Matthew,"CANAVAN, the Hon. Matthew (Matt) James",Male,1980-12-17,245212,
aph-245392,Gosling,Luke,"GOSLING, Luke John Anthony, OAM",Male,1971-09-17,245392,
aph-245550,Flint,Nicolle,"FLINT, Nicolle Jane",Female,1978-07-15,245550,
aph-245759,Watt,Murray,"WATT, the Hon. Murray Patrick",Male,1973-01-20,245759,
aph-247130,Laundy,Craig,"LAUNDY, the Hon. Craig Arthur Samuel",Male,1971-02-16,247130,
aph-247512,Kitching,Kimberley,"KITCHING, Kimberley Jane Elizabeth",Female,1970-02-16,247512,
aph-247742,Howarth,Luke,"HOWARTH, the Hon. Luke Ronald",Male,1972-06-06,247742,
aph-247871,O'Sullivan,Barry,"O'SULLIVAN, Barry James",Male,1957-03-24,247871,
aph-248006,Butler,Terri,"BUTLER, Terri Megan",Female,1977-11-28,248006,
aph-248181,Claydon,Sharon,"CLAYDON, Sharon Catherine",Female,1964-04-26,248181,
aph-248353,Mcbride,Emma,"McBRIDE, the Hon. Emma Margaret",Female,1975-04-27,248353,
aph-248895,Penfold,Alison,"PENFOLD, Alison Louise",Female,1971-06-03,248895,
aph-248969,Crewther,Christopher,"CREWTHER, Christopher (Chris) John",Male,1983-08-06,248969,
aph-249127,Conroy,Patrick,"CONROY, the Hon. Patrick (Pat) Martin",Male,1979-05-10,249127,
aph-249147,Keogh,Matthew,"KEOGH, the Hon. Matthew (Matt) James",Male,1981-11-11,249147,
aph-249224,Ryan,Joanne,"RYAN, Joanne Catherine",Female,1961-07-29,249224,
aph-249308,Price,Melissa,"PRICE, the Hon. Melissa Lee",Female,1963-12-12,249308,
aph-249499,Tillem,Mehmet,"TILLEM, Mehmet",Male,1974-09-10,249499,
aph-249710,Chesters,Lisa,"CHESTERS, Lisa Marie",Female,1980-02-11,249710,
aph-249758,Williams,Matthew,"WILLIAMS, Matthew (Matt)",Male,1973-03-28,249758,
aph-249764,Landry,Michelle,"LANDRY, the Hon. Michelle Leanne",Female,1962-10-15,249764,
aph-249908,O'Toole,Catherine,"O'TOOLE, Catherine (Cathy) Elizabeth",Female,1956-08-30,249908,
aph-250024,Muir,Ricky,"MUIR, Ricky Lee",Male,1980-12-25,250024,
aph-250026,Lambie,Jacquiline,"LAMBIE, Jacquiline (Jacqui) Louise",Female,1971-02-26,250026,
aph-250045,Wang,Zhenya,"WANG, Zhenya (Dio)",Male,1981-01-20,250045,
aph-250077,Varvaris,Nickolas,"VARVARIS, Nickolas",Male,1974-05-25,250077,
aph-250156,Steele-John,Jordon,"STEELE-JOHN, Jordon Alexander",Male,1994-10-14,250156,
aph-250216,Reynolds,Linda,"REYNOLDS, the Hon. Linda Karen, CSC",Female,1965-05-16,250216,
aph-250362,Faruqi,Mehreen,"FARUQI, Dr Mehreen Saeed",Female,1963-07-08,250362,
aph-252157,Walsh,Jess,"WALSH, the Hon. Dr Jess Cecille",Female,1971-05-16,252157,
aph-256063,Bragg,Andrew,"BRAGG, Andrew James",Male,1984-07-11,256063,
aph-256136,Pocock,David,"POCOCK, David Willmer",Male,1988-04-23,256136,
aph-257613,Ghosh,Varun,"GHOSH, Varun",Male,,257613,
aph-25813,Bleyer,Vanessa,"BLEYER, Vanessa Elizabeth",Female,1975-07-22,25813,
aph-258337,Lindgren,Joanna,"LINDGREN, Joanna Maria",Female,1969-11-05,258337,
aph-259819,Green,Nita,"GREEN, the Hon. Nita Louise",Female,1983-06-23,259819,
aph-260805,Hastie,Andrew,"HASTIE, the Hon. Andrew William",Male,1982-09-30,260805,
aph-261393,Gee,Andrew,"GEE, the Hon. Andrew Robert",Male,1968-09-13,261393,
aph-262273,Keay,Justine,"KEAY, Justine Terri",Female,1975-03-18,262273,
aph-263070,Hart,Ross,"HART, Ross Anthony",Male,1960-06-04,263070,
aph-263328,Husar,Emma,"HUSAR, Emma",Female,1980-04-20,263328,
aph-263418,Duniam,Jonathon,"DUNIAM, the Hon. Jonathon (Jonno) Roy",Male,1982-12-31,263418,
aph-263427,Briskey,Jo,"BRISKEY, Jo",Female,,263427,
aph-263528,Nampijinpa Price,Jacinta,"NAMPIJINPA PRICE, Jacinta",Female,,263528,
aph-263547,Coker,Elizabeth,"COKER, Elizabeth (Libby) Ann",Female,1962-06-11,263547,
aph-264121,Wells,Anika,"WELLS, the Hon. Anika Shay",Female,1985-08-11,264121,
aph-26417,Boele,Nicolette,"BOELE, Nicolette",Female,1970-11-10,26417,
aph-264170,Swanson,Meryl,"SWANSON, Meryl Jane",Female,1970-09-03,264170,
aph-264449,Chandler,Claire,"CHANDLER, Claire",Female,1990-06-01,264449,
aph-265585,Littleproud,David,"LITTLEPROUD, the Hon. David Kelly",Male,1976-09-04,265585,
aph-265931,Morton,Ben,"MORTON, the Hon. Ben",Male,1981-06-29,265931,
aph-265967,Wallace,Andrew,"WALLACE, Andrew Bruce",Male,1968-04-23,265967,
aph-265970,Wilson,Joshua,"WILSON, the Hon. Joshua (Josh) Hamilton",Male,1972-06-05,265970,
aph-265975,Lamb,Susan,"LAMB, Susan",Female,1972-03-23,265975,
aph-265979,Freelander,Michael,"FREELANDER, Dr Michael (Mike) Randolph",Male,1953-04-23,265979,
aph-265980,Sharkie,Rebekha,"SHARKIE, Rebekha Carina Che",Female,,265980,
aph-265982,Kakoschke-Moore,Skye,"KAKOSCHKE-MOORE, Skye",Female,1985-12-19,265982,
aph-265990,Stanley,Anne,"STANLEY, Anne Maree",Female,1961-10-06,265990,
aph-265991,O'Brien,Llewellyn,"O'BRIEN, Llewellyn (Llew) Stephen",Male,1972-06-26,265991,
aph-266482,Culleton,Rodney,"CULLETON, Rodney Norman",Male,1964-06-05,266482,
aph-266499,Hume,Edwina,"HUME, the Hon. Edwina Jane (Jane)",Female,1971-04-30,266499,
aph-266524,Roberts,Malcolm,"ROBERTS, Malcolm Ieuan",Male,1955-05-03,266524,
aph-267506,Kennedy,Simon,"KENNEDY, Simon Peter",Male,,267506,
aph-269375,Antic,Alexander,"ANTIC, Alexander (Alex) Charles",Male,1974-12-17,269375,
aph-269583,Georgiou,Panagiotis,"GEORGIOU, Panagiotis (Peter)",Male,1974-01-13,269583,
aph-270198,France,Ali,"FRANCE, Ali",Female,,270198,
aph-270552,Gichuhi,Lucy,"GICHUHI, Lucy",Female,1962-09-23,270552,
aph-273828,Hughes,Hollie,"HUGHES, Hollie Alexandra",Female,1975-02-12,273828,
aph-273829,Anning,William,"ANNING, William Fraser (Fraser)",Male,1949-10-14,273829,
aph-274506,Sharma,Devanand,"SHARMA, Devanand (Dave) Noel",Male,,274506,
aph-275266,Martin,Steven,"MARTIN, Steven Leigh OAM",Male,1960-10-03,275266,
aph-275424,Storer,Tim,"STORER, Tim",Male,1969-10-24,275424,
aph-276714,Smith,David,"SMITH, David Philip Benedict",Male,1970-03-25,276714,
aph-277110,Mulholland,Corinne,"MULHOLLAND, Corinne",Female,1987-10-22,277110,
aph-278522,Burns,Joshua,"BURNS, Joshua (Josh) Solomon",Male,1987-02-06,278522,
aph-279991,Conaghan,Patrick,"CONAGHAN, Patrick (Pat) John",Male,1971-01-31,279991,
aph-280304,Thorpe,Lidia,"THORPE, Lidia Alma",Female,,280304,
aph-281503,Ciccone,Raffaele,"CICCONE, Raffaele (Raff)",Male,1983-11-01,281503,
aph-281513,Mcintosh,Melissa,"McINTOSH, Melissa Iris",Female,1977-08-24,281513,
aph-281558,Askew,Wendy,"ASKEW, Wendy",Female,1963-03-16,281558,
aph-281603,Smith,Marielle,"SMITH, Marielle Feuerherdt",Female,1986-12-30,281603,
aph-281688,Webster,Anne,"WEBSTER, Dr Anne Elizabeth",Female,1959-05-19,281688,
aph-281697,Davey,Perin,"DAVEY, Perin McGregor",Female,1972-02-05,281697,
aph-281826,Thompson,Phillip,"THOMPSON, Phillip Bruce, OAM",Male,1988-05-07,281826,
aph-281988,Mcbain,Kristy,"McBAIN, the Hon. Kristy Louise",Female,1982-09-29,281988,
aph-282212,Thwaites,Kate,"THWAITES, the Hon. Kate Lynne",Female,1980-01-19,282212,
aph-282237,Archer,Bridget,"ARCHER, Bridget Kathleen",Female,1975-05-18,282237,
aph-282306,Pearce,Gavin,"PEARCE, Gavin Bruce",Male,1967-12-21,282306,
aph-282335,Haines,Helen,"HAINES, Dr Helen Mary",Female,1961-09-21,282335,
aph-282728,Mcmahon,Samantha,"MCMAHON, Samantha (Sam) Jane",Female,1967-12-11,282728,
aph-282918,Liu,Gladys,"LIU, Gladys",Female,1964-04-06,282918,
aph-282981,Bell,Angie,"BELL, Angie Marion",Female,1968-07-11,282981,
aph-282982,Martin,Fiona,"MARTIN, Dr. Fiona Barbouttis",Female,1977-11-16,282982,
aph-282983,Simmonds,Julian,"SIMMONDS, Julian Graham John",Male,1985-08-29,282983,
aph-282984,Connelly,Vincent,"CONNELLY, Vincent (Vince) Gerard",Male,1978-09-16,282984,
aph-282986,Allen,Katrina,"ALLEN, Dr Katrina (Katie) Jane AO",Female,1966-02-24,282986,
aph-282997,Scarr,Paul,"SCARR, Paul Martin",Male,1969-08-20,282997,
aph-283585,O'Sullivan,Matthew,"O'SULLIVAN, Matt",Male,1978-12-11,283585,
aph-283596,Rennick,Gerard,"RENNICK, Gerard Brock",Male,1970-11-05,283596,
aph-283601,Van,David,"VAN, David Allan",Male,1964-11-14,283601,
aph-286042,Spender,Allegra,"SPENDER, Allegra",Female,1978-03-10,286042,
aph-286349,Mirabella,Gregory,"MIRABELLA, Gregory (Greg)",Male,1960-07-05,286349,
aph-286535,Willcox,Andrew,"WILLCOX, Andrew",Male,1969-01-29,286535,
aph-287062,Mclachlan,Andrew,"McLACHLAN, Andrew Lockhart CSC",Male,1966-01-14,287062,
aph-288713,Birrell,Samuel,"BIRRELL, Samuel (Sam) James",Male,1975-04-05,288713,
aph-290544,Ananda-Rajah,Michelle,"ANANDA-RAJAH, Dr Michelle",Female,1972-12-10,290544,
aph-291387,Hamilton,Garth,"HAMILTON, Garth Russell",Male,1979-03-05,291387,
aph-291406,Small,Benjamin,"SMALL, Benjamin (Ben) John",Male,1988-06-11,291406,
aph-295588,Garland,Carina,"GARLAND, Dr Carina Mary Lindsay",Female,,295588,
aph-295676,Le,Dai,"LE, Dai Trang",Female,1968-04-01,295676,
aph-296215,Cox,Dorinda,"COX, Dorinda Rose",Female,1976-05-25,296215,
aph-296272,Miller-Frost,Louise,"MILLER-FROST, Louise Jane",Female,1967-03-13,296272,
aph-296331,Grogan,Karen,"GROGAN, Karen Ann",Female,1967-06-25,296331,
aph-297660,Ryan,Monique,"RYAN, Monique Marie",Female,1967-01-20,297660,
aph-297964,Collins,Jessica,"COLLINS, Dr Jessica",Female,1983-10-03,297964,
aph-298121,Sitou,Sally,"SITOU, Sally",Female,1982-09-24,298121,
aph-298574,Jarrett,Madonna,"JARRETT, Madonna",Female,,298574,
aph-298618,Soon,Zhi,"SOON, Zhi",Male,,298618,
aph-298800,Mascarenhas,Zaneta,"MASCARENHAS, Zaneta Felice Antoinetta",Female,1980-07-26,298800,
aph-298839,Allman-Payne,Penny,"ALLMAN-PAYNE, Penny",Female,1970-03-19,298839,
aph-298840,Repacholi,Dan,"REPACHOLI, Dan",Male,1982-12-15,298840,
aph-299145,Byrnes,Alison,"BYRNES, Alison",Female,1974-02-05,299145,
aph-299150,Lawrence,Tania,"LAWRENCE, Tania",Female,1973-09-13,299150,
aph-299174,Laxale,Jerome,"LAXALE, Jerome",Male,1983-11-20,299174,
aph-299352,Stewart,Jana,"STEWART, Jana Naretha Ann",Female,1987-08-27,299352,
aph-299498,Boyce,Colin,"BOYCE, Colin Einar",Male,1962-10-30,299498,
aph-299623,Scamps,Sophie,"SCAMPS, Sophie",Female,1971-03-15,299623,
aph-299962,Doyle,Mary,"DOYLE, Mary",Female,1970-06-26,299962,
aph-299964,Fernando,Cassandra,"FERNANDO, Cassandra",Female,1987-09-18,299964,
aph-2k6,Brough,Malcolm,"BROUGH, the Hon. Malcolm (Mal) Thomas",Male,1961-12-29,2K6,
aph-2l6,Bishop,Thomas,"BISHOP, Thomas (Mark) Mark",Male,1954-06-29,2L6,
aph-2m6,Coonan,Helen,"COONAN, the Hon. Helen Lloyd",Female,1947-10-29,2M6,
aph-2o4,Hinch,Derryn,"HINCH, Derryn Nigel",Male,1944-02-09,2O4,
aph-2v5,Swan,Wayne,"SWAN, the Hon. Wayne Maxwell",Male,1954-06-30,2V5,
aph-300006,Chaney,Kate,"CHANEY, Kate",Female,1975-01-21,300006,
aph-300120,Pike,Henry,"PIKE, Henry Jon",Male,1987-10-16,300120,
aph-300121,Chandler-Mather,Max,"CHANDLER-MATHER, Max",Male,1992-02-15,300121,
aph-300122,Rae,Samuel,"RAE, the Hon. Samuel (Sam) Thomas",Male,1986-09-29,300122,
aph-300123,Ware,Jennifer,"WARE, Jennifer (Jenny) Lesley",Female,1970-10-21,300123,
aph-300124,Tink,Kylea,"TINK, Kylea",Female,1970-09-05,300124,
aph-300126,Reid,Gordon,"REID, Gordon James",Male,1992-08-16,300126,
aph-300127,Watson-Brown,Elizabeth,"WATSON-BROWN, Elizabeth",Female,1956-10-12,300127,
aph-300129,Burnell,Matthew,"BURNELL, Matthew (Matt) Paul",Male,1978-08-25,300129,
aph-300130,Lim,Sam,"LIM, Sam",Male,1961-06-06,300130,
aph-300134,Cadell,Ross,"CADELL, Ross Philip",Male,1969-04-04,300134,
aph-300147,Violi,Aaron,"VIOLI, Aaron",Male,1984-08-06,300147,
aph-300246,Bates,Stephen,"BATES, Stephen",Male,1992-11-23,300246,
aph-300639,Tyrrell,Tammy,"TYRRELL, Tammy Marie",Female,1970-08-01,300639,
aph-300644,Liddle,Kerrynne,"LIDDLE, Kerrynne Jeanette",Female,1967-10-07,300644,
aph-300706,Babet,Ralph,"BABET, Ralph",Male,1983-06-29,300706,
aph-300707,Payman,Fatima,"PAYMAN, Fatima",Female,,300707,
aph-301128,Darmanin,Lisa,"DARMANIN, Lisa",Female,1976-08-26,301128,
aph-30379,Broad,Andrew,"BROAD, the Hon. Andrew John",Male,1975-07-02,30379,
aph-30484,Brockman,William,"BROCKMAN, William (Slade) Edward Slade",Male,1970-03-27,30484,
aph-30540,Brodtmann,Gai,"BRODTMANN, Gai Marie",Female,1963-11-24,30540,
aph-306168,Kovacic,Maria,"KOVACIC, Maria",Female,,306168,
aph-306489,Caldwell,Cameron,"CALDWELL, Cameron",Male,1979-05-22,306489,
aph-309484,Belyea,Jodie,"BELYEA, Jodie Anne",Female,,309484,
aph-310860,Hodgins-May,Steph,"HODGINS-MAY, Steph",Female,1985-08-23,310860,
aph-312323,Coffey,Renee,"COFFEY, Renee",Female,1982-04-21,312323,
aph-312393,Smith,Matt,"SMITH, Matt",Male,,312393,
aph-312823,Campbell,Julie-Ann,"CAMPBELL, Julie-Ann",Female,,312823,
aph-312871,Cook,Patricia,"COOK, Dr Patricia (Trish)",Female,1964-01-06,312871,
aph-314526,Teesdale,Jess,"TEESDALE, Jess",Female,1987-11-07,314526,
aph-315154,Gregg,Matt,"GREGG, Matt",Male,,315154,
aph-315170,Blyth,Leah,"BLYTH, Leah",Female,,315170,
aph-315434,Venning,Tom,"VENNING, Tom",Male,,315434,
aph-315478,Batt,David,"BATT, David",Male,1971-06-24,315478,
aph-315618,Ambihaipahar,Ashvini,"AMBIHAIPAHAR, Ashvini (Ash)",Female,1987-04-24,315618,
aph-316021,Jordan-Baird,Alice,"JORDAN-BAIRD, Alice",Female,1993-04-08,316021,
aph-316052,Ng,Gabriel,"NG, Gabriel",Male,,316052,
aph-316101,Clutterham,Claire,"CLUTTERHAM, Claire Louise",Female,1982-04-24,316101,
aph-316312,Chaffey,Jamie,"CHAFFEY, Jamie",Male,,316312,
aph-316537,Cook,Kara,"COOK, Kara",Female,1985-06-28,316537,
aph-316540,Moncrieff,David,"MONCRIEFF, David",Male,,316540,
aph-316547,Rebello,Leon,"REBELLO, Leon",Male,1994-12-22,316547,
aph-316550,French,Tom,"FRENCH, Tom",Male,,316550,
aph-316551,Comer,Emma,"COMER, Emma",Female,1994-10-13,316551,
aph-316555,Whiteaker,Ellie,"WHITEAKER, Ellie",Female,1993-04-08,316555,
aph-316660,Witty,Sarah,"WITTY, Sarah",Female,1972-12-12,316660,
aph-316818,Walker,Charlotte,"WALKER, Charlotte Grace",Female,2004-05-03,316818,
aph-316915,Abdo,Basem,"ABDO, Basem",Male,,316915,
aph-316935,Dolega,Josh,"DOLEGA, Josh",Male,1983-12-13,316935,
aph-317026,Whitten,Tyron,"WHITTEN, Tyron",Male,1971-01-25,317026,
aph-317036,Stacey,Warwick,"STACEY, Warwick",Male,,317036,
aph-319142,Bell,Sean,"BELL, Sean Fredrick",Male,1987-08-01,319142,
aph-324140,Gatenby,Chris,"GATENBY, Chris",Male,,324140,
aph-37998,Chalmers,James,"CHALMERS, the Hon. Dr James (Jim) Edward",Male,1978-03-02,37998,
aph-39801,Chisholm,Anthony,"CHISHOLM, the Hon. Anthony David",Male,1978-02-24,39801,
aph-3i6,Stott Despoja,Natasha,"STOTT DESPOJA, Natasha Jessica, AC",Female,1969-09-09,3I6,
aph-3l6,Conroy,Stephen,"CONROY, the Hon. Stephen Michael",Male,1963-01-18,3L6,
aph-3m6,Murray,Andrew,"MURRAY, Andrew James Marshall",Male,1947-01-29,3M6,
aph-4g4,Downer,Alexander,"DOWNER, the Hon. Alexander John Gosse, AC",Male,1951-09-09,4G4,
aph-4l6,Eggleston,Alan,"EGGLESTON, Alan, AM",Male,1941-12-30,4L6,
aph-4t4,Melham,Daryl,"MELHAM, Daryl, AM",Male,1954-11-26,4T4,
aph-4v5,Moylan,Judith,"MOYLAN, the Hon. Judith (Judi) Eleanor, AO",Female,1944-02-24,4V5,
aph-53369,Di Natale,Richard,"DI NATALE, Richard",Male,1970-06-06,53369,
aph-53517,Dick,Dugald,"DICK, the Hon. Dugald (Milton) Milton",Male,1972-07-21,53517,
aph-55842,Dowling,Richard,"DOWLING, Richard",Male,1983-09-18,55842,
aph-56430,Drum,Damian,"DRUM, the Hon. Damian Kevin",Male,1960-07-28,56430,
aph-5i4,Mcmullan,Robert,"McMULLAN, the Hon. Robert Francis",Male,1947-12-10,5I4,
aph-5k4,Faulkner,John,"FAULKNER, the Hon. John Philip",Male,1954-04-12,5K4,
aph-5k6,Ellis,Annette,"ELLIS, Annette Louise",Female,1946-10-13,5K6,
aph-5v5,Smith,Stephen,"SMITH, the Hon. Stephen Francis",Male,1955-12-12,5V5,
aph-61378,Evans,Trevor,"EVANS, the Hon. Trevor Mark",Male,1981-08-28,61378,
aph-62329,Farley,David,"FARLEY, David",Male,,62329,
aph-656,Forshaw,Michael,"FORSHAW, Michael George",Male,1952-01-11,656,
aph-72184,Gillespie,David,"GILLESPIE, the Hon. Dr David Arthur",Male,1957-12-20,72184,
aph-74046,Goodenough,Ian,"GOODENOUGH, Ian Reginald",Male,1975-07-03,74046,
aph-74519,Gorman,Patrick,"GORMAN, the Hon. Patrick",Male,1984-12-12,74519,
aph-76760,Griff,Stirling,"GRIFF, Stirling",Male,1957-12-02,76760,
aph-7g6,Lundy,Kate,"LUNDY, the Hon. Kate Alexandra",Female,1967-12-15,7G6,
aph-7k6,Entsch,Warren,"ENTSCH, the Hon. Warren George",Male,1950-05-31,7K6,
aph-7l6,Hogg,John,"HOGG, the Hon. John Joseph",Male,1949-03-19,7L6,
aph-7y6,Crossin,Patricia,"CROSSIN, Patricia (Trish) Margaret AM",Female,1956-03-21,7Y6,
aph-80072,Hammond,Celia,"HAMMOND, Celia Monica",Female,1968-11-22,80072,
aph-80109,Hammond,Timothy,"HAMMOND, Timothy (Tim) Jerome",Male,1975-03-25,80109,
aph-83a,Livermore,Kirsten,"LIVERMORE, Kirsten Fiona",Female,1969-11-10,83A,
aph-83b,May,Margaret,"MAY, Margaret Ann",Female,1950-06-30,83B,
aph-83d,Murphy,John,"MURPHY, the Hon. John Paul",Male,1950-05-31,83D,
aph-83e,Ripoll,Bernard,"RIPOLL, the Hon. Bernard (Bernie) Fernando",Male,1966-01-06,83E,
aph-83k,Roxon,Nicola,"ROXON, the Hon. Nicola Louise",Female,1967-04-01,83K,
aph-83l,Gillard,Julia,"GILLARD, the Hon. Julia Eileen AC",Female,1961-09-29,83L,
aph-83m,Plibersek,Tanya,"PLIBERSEK, the Hon. Tanya Joan",Female,1969-12-02,83M,
aph-83n,Hall,Jill,"HALL, Jill Griffiths",Female,1949-11-16,83N,
aph-83o,Hull,Kay,"HULL, Kay Elizabeth, AO",Female,1954-02-03,83O,
aph-83p,Bishop,Julie,"BISHOP, the Hon. Julie Isabel",Female,1956-07-17,83P,
aph-83q,Schultz,Albert,"SCHULTZ, Albert (Alby) John",Male,1939-05-29,83Q,
aph-83s,Burke,Anna,"BURKE, Anna Elizabeth, AO",Female,1966-01-01,83S,
aph-83t,Rudd,Kevin,"RUDD, the Hon. Dr Kevin Michael, AC",Male,1957-09-21,83T,
aph-83v,Emerson,Craig,"EMERSON, the Hon. Dr Craig Anthony",Male,1954-11-15,83V,
aph-83x,Gibbons,Stephen,"GIBBONS, Stephen (Steve) William",Male,1949-09-11,83X,
aph-83z,Irwin,Julia,"IRWIN, Julia Claire",Female,1951-11-08,83Z,
aph-848,Secker,Patrick,"SECKER, Patrick Damien",Male,1956-06-06,848,
aph-849,Sidebottom,Peter,"SIDEBOTTOM, the Hon. Peter (Sid) Sid",Male,1951-04-23,849,
aph-84f,Washer,Malcolm,"WASHER, Dr Malcolm (Mal) James",Male,1945-08-12,84F,
aph-84l,Mclucas,Jan,"McLUCAS, the Hon. Jan Elizabeth",Female,1958-03-27,84L,
aph-84m,Mason,Brett,"MASON, the Hon. Dr Brett John",Male,1962-03-05,84M,
aph-84n,Ludwig,Joseph,"LUDWIG, the Hon. Joseph (Joe) William",Male,1959-07-21,84N,
aph-84p,Hutchins,Stephen,"HUTCHINS, Stephen (Steve) Patrick",Male,1956-04-22,84P,
aph-84t,Haase,Barry,"HAASE, Barry Wayne",Male,1945-11-19,84T,
aph-86256,Hill,Julian,"HILL, the Hon. Julian Christopher",Male,,86256,
aph-88411,Holzberger,Rowan,"HOLZBERGER, Rowan",Male,,88411,
aph-885,Turnbull,Malcolm,"TURNBULL, the Hon. Malcolm Bligh, AC",Male,1954-10-24,885,
aph-8gh,Burney,Linda,"BURNEY, the Hon. Linda Jean",Female,1957-04-25,8GH,
aph-8h4,Hawker,David,"HAWKER, the Hon. David Peter Maxwell, AO",Male,1949-05-01,8H4,
aph-8is,Debus,Robert,"DEBUS, the Hon. Robert (Bob) John, AM",Male,1943-09-16,8IS,
aph-8iv,Xenophon,Nicholas,"XENOPHON, Nicholas (Nick)",Male,1959-01-29,8IV,
aph-8k6,Fitzgibbon,Joel,"FITZGIBBON, the Hon. Joel Andrew",Male,1962-01-16,8K6,
aph-8o6,O'Brien,Kerry,"O'BRIEN, Kerry Williams Kelso",Male,1951-07-19,8O6,
aph-8t4,Ferguson,Laurie,"FERGUSON, the Hon. Laurie Donald Thomas, OAM",Male,1952-07-07,8T4,
aph-8w5,Gray,Gary,"GRAY, the Hon. Gary, AO",Male,1958-04-30,8W5,
aph-91219,Husic,Edham,"HUSIC, the Hon. Edham (Ed) Nurredin",Male,1970-02-03,91219,
aph-96430,Jones,Ewen,"JONES, Ewen Thomas",Male,1960-03-07,96430,
aph-99931,Kelly,Craig,"KELLY, Craig",Male,1963-09-29,99931,
aph-9k6,Gambaro,Teresa,"GAMBARO, the Hon. Teresa",Female,1958-11-29,9K6,
aph-9v5,Pyne,Christopher,"PYNE, the Hon. Christopher Maurice",Male,1967-08-13,9V5,
aph-9x5,Ellison,Christopher,"ELLISON, the Hon. Christopher (Chris) Martin AM",Male,1954-06-15,9X5,
aph-a8w,Pearce,Christopher,"PEARCE, the Hon. Christopher (Chris) John",Male,1963-03-01,A8W,
aph-a9b,Jones,Stephen,"JONES, the Hon. Stephen Patrick",Male,1965-06-29,A9B,
aph-ai6,Cameron,Douglas,"CAMERON, the Hon. Douglas Niven",Male,1951-01-27,AI6,
aph-ak6,Gash,Joanna,"GASH, Joanna, AM",Female,1944-07-21,AK6,
aph-aw5,Carr,Kim,"CARR, the Hon. Kim John",Male,1955-07-02,AW5,
aph-ax5,Evans,Christopher,"EVANS, the Hon. Christopher (Chris) Vaughan",Male,1958-05-14,AX5,
aph-b36,Neal,Belinda,"NEAL, Belinda Jane",Female,1963-01-10,B36,
aph-bfq,Pocock,Barbara,"POCOCK, Dr Barbara Ann AM",Female,1955-03-22,BFQ,
aph-bk6,Hanson,Pauline,"HANSON, Pauline Lee",Female,1954-05-27,BK6,
aph-bp4,Mckew,Maxine,"McKEW, the Hon. Maxine Margaret AM",Female,1953-07-22,BP4,
aph-bu8,Leigh,Andrew,"LEIGH, the Hon. Dr Andrew Keith",Male,1972-08-03,BU8,
aph-bv5,Adams,Dick,"ADAMS, the Hon. Dick Godfrey Harry, OAM",Male,1951-04-29,BV5,
aph-bv7,Sinodinos,Arthur,"SINODINOS, the Hon. Arthur, AO",Male,1957-02-25,BV7,
aph-c16,Heffernan,William,"HEFFERNAN, the Hon. William (Bill) Daniel",Male,1943-03-03,C16,
aph-c2t,Wilkie,Andrew,"WILKIE, Andrew Damien",Male,1961-11-08,C2T,
aph-cdk,Peris,Nova,"PERIS, Nova Maree, OAM",Female,1971-02-25,CDK,
aph-cpr,Rhiannon,Lee,"RHIANNON, Lee",Female,1951-05-30,CPR,
aph-ct4,Costello,Peter,"COSTELLO, the Hon. Peter Howard, AC",Male,1957-08-14,CT4,
aph-cx5,Macdonald,John,"MacDONALD, the Hon. John Alexander Lindsay (Sandy), AM",Male,1954-05-10,CX5,
aph-d2i,Fifield,Mitchell,"FIFIELD, the Hon. Mitchell (Mitch) Peter",Male,1967-01-16,D2I,
aph-dk6,Hockey,Joseph,"HOCKEY, the Hon. Joseph (Joe) Benedict",Male,1965-08-02,DK6,
aph-dt4,Crean,Simon,"CREAN, the Hon. Simon Findlay, AC",Male,1949-02-26,DT4,
aph-dt6,Bartlett,Andrew,"BARTLETT, Andrew John Julian",Male,1964-08-04,DT6,
aph-dyn,Jensen,Dennis,"JENSEN, Dr Dennis Geoffrey",Male,1962-02-28,DYN,
aph-dyu,Fawcett,David,"FAWCETT, the Hon. David Julian",Male,1963-10-23,DYU,
aph-dyw,Burke,Anthony,"BURKE, the Hon. Anthony (Tony) Stephen",Male,1969-11-04,DYW,
aph-dzp,Bird,Sharon,"BIRD, the Hon. Sharon Leah",Female,1962-11-15,DZP,
aph-dzs,Bowen,Christopher,"BOWEN, the Hon. Christopher (Chris) Eyles",Male,1973-01-17,DZS,
aph-dzu,Ellis,Katherine,"ELLIS, the Hon. Katherine (Kate) Margaret",Female,1977-09-22,DZU,
aph-dzw,Elliot,Maria,"ELLIOT, the Hon. Maria Justine (Justine)",Female,1967-07-29,DZW,
aph-dzy,Georganas,Steven,"GEORGANAS, Steven (Steve)",Male,1959-06-13,DZY,
aph-e07,Markus,Louise,"MARKUS, Louise Elizabeth",Female,1958-09-06,E07,
aph-e09,Owens,Julie,"OWENS, Julie Ann",Female,1958-10-17,E09,
aph-e0d,Vasta,Ross,"VASTA, Ross Xavier",Male,1966-10-08,E0D,
aph-e0f,Wood,Jason,"WOOD, the Hon. Jason Peter",Male,1968-05-24,E0F,
aph-e0h,Laming,Andrew,"LAMING, Andrew Charles",Male,1966-09-30,E0H,
aph-e0j,Keenan,Michael,"KEENAN, the Hon. Michael Fayat",Male,1972-03-19,E0J,
aph-e3l,Morrison,Scott,"MORRISON, the Hon. Scott John AC",Male,1968-05-13,E3L,
aph-e4q,Adams,Judith,"ADAMS, Judith Anne",Female,1943-04-11,E4Q,
aph-e4r,Fielding,Steven,"FIELDING, Steven",Male,1960-10-17,E4R,
aph-e4t,Fierravanti-Wells,Concetta,"FIERRAVANTI-WELLS, the Hon. Concetta (Connie) Anna",Female,1960-05-20,E4T,
aph-e4u,Hurley,Annette,"HURLEY, Annette Kay",Female,,E4U,
aph-e5d,Joyce,Barnaby,"JOYCE, the Hon. Barnaby Thomas Gerard",Male,,E5D,
aph-e5e,Mcewen,Anne,"McEWEN, Anne, OAM",Female,1954-08-03,E5E,
aph-e5g,Nash,Fiona,"NASH, the Hon. Fiona Joy",Female,1965-05-06,E5G,
aph-e5v,Parry,Stephen,"PARRY, the Hon. Stephen Shane",Male,1960-10-31,E5V,
aph-e5x,Polley,Helen,"POLLEY, Helen Beatrice",Female,1957-02-09,E5X,
aph-e5z,Siewert,Rachel,"SIEWERT, Rachel Mary",Female,1961-11-04,E5Z,
aph-e68,Sterle,Glenn,"STERLE, Glenn",Male,1960-01-03,E68,
aph-e6a,Trood,Russell,"TROOD, Dr Russell Brunell",Male,1948-12-05,E6A,
aph-e6c,Wortley,Dana,"WORTLEY, Dana Johanna",Female,,E6C,
aph-ecv,Hayes,Christopher,"HAYES, Christopher (Chris) Patrick",Male,1955-07-17,ECV,
aph-em6,Stone,Sharman,"STONE, the Hon. Dr Sharman Nancy AM",Female,1951-04-23,EM6,
aph-ep5,Ferguson,Alan,"FERGUSON, the Hon. Alan Baird, AM",Male,1943-09-16,EP5,
aph-et4,Bevis,Archibald,"BEVIS, the Hon. Archibald (Arch) Ronald, OAM",Male,1955-04-10,ET4,
aph-ez5,Abbott,Anthony,"ABBOTT, the Hon. Anthony (Tony) John AC",Male,1957-11-04,EZ5,
aph-f2s,Scrymgour,Marion,"SCRYMGOUR, Marion",Female,1960-09-13,F2S,
aph-f49,Brown,Carol,"BROWN, the Hon. Carol Louise",Female,1963-07-19,F49,
aph-fab,Molan,Andrew,"MOLAN, Andrew James (Jim) AO DSC",Male,1950-04-11,FAB,
aph-ff4,Chapman,Hedley,"CHAPMAN, Hedley Grant Pearson",Male,1949-04-27,FF4,
aph-fkl,Frydenberg,Joshua,"FRYDENBERG, the Hon. Joshua (Josh) Anthony",Male,1971-07-17,FKL,
aph-fu4,Robb,Andrew,"ROBB, the Hon. Andrew John, AO",Male,1951-08-20,FU4,
aph-g0d,Bernardi,Cory,"BERNARDI, Cory",Male,1969-11-06,G0D,
aph-g1n,Kroger,Helen,"KROGER, Helen Evelyn",Female,1959-03-11,G1N,
aph-g86,Falinski,Jason,"FALINSKI, Jason George",Male,1970-08-24,G86,
aph-gb6,Collins,Jacinta,"COLLINS, the Hon. Jacinta Mary Ann",Female,1962-09-04,GB6,
aph-gt4,Truss,Warren,"TRUSS, the Hon. Warren Errol, AC",Male,1948-10-08,GT4,
aph-gx5,Troeth,Judith,"TROETH, the Hon. Judith Mary, AM",Female,1940-08-03,GX5,
aph-h6v,Boyce,Suzanne,"BOYCE, Suzanne (Sue) Kay",Female,1951-03-15,H6V,
aph-h6x,Birmingham,Simon,"BIRMINGHAM, the Hon. Simon John",Male,1974-06-14,H6X,
aph-hbe,Fisher,Mary,"FISHER, Mary Josephine",Female,1962-12-25,HBE,
aph-hda,Cormann,Mathias,"CORMANN, the Hon. Mathias Hubert Paul AC",Male,1970-09-20,HDA,
aph-hes,Arbib,Mark,"ARBIB, the Hon. Mark Victor",Male,1971-11-09,HES,
aph-hh4,Jenkins,Henry,"JENKINS, Henry (Harry) Alfred, AO",Male,1952-08-18,HH4,
aph-hk5,Andrews,Kevin,"ANDREWS, the Hon. Kevin James AM",Male,1955-11-09,HK5,
aph-hk6,Lindsay,Peter,"LINDSAY, the Hon. Peter John, OAM",Male,1944-05-04,HK6,
aph-hll,Bushby,David,"BUSHBY, David Christopher",Male,1965-07-17,HLL,
aph-hm5,Georgiou,Petro,"GEORGIOU, Petro, AO",Male,1947-11-30,HM5,
aph-hri,Kelly,Michael,"KELLY, the Hon. Dr Michael (Mike) Joseph, AM",Male,1960-02-23,HRI,
aph-hv4,Garrett,Peter,"GARRETT, the Hon. Peter Robert, AM",Male,1953-04-16,HV4,
aph-hvm,Bidgood,James,"BIDGOOD, James Mark",Male,1959-05-26,HVM,
aph-hvn,D'Ath,Yvette,"D'ATH, the Hon. Yvette Maree",Female,1970-07-26,HVN,
aph-hvo,Neumann,Shayne,"NEUMANN, the Hon. Shayne Kenneth",Male,1961-08-26,HVO,
aph-hvp,Perrett,Graham,"PERRETT, Graham Douglas",Male,1966-01-05,HVP,
aph-hvq,Raguse,Brett,"RAGUSE, Brett Blair",Male,1960-03-24,HVQ,
aph-hvr,Rea,Kerry,"REA, Kerry Marie",Female,1963-04-16,HVR,
aph-hvs,Sullivan,Jonathan,"SULLIVAN, Jonathan (Jon) Harold",Male,1950-11-10,HVS,
aph-hvu,Trevor,Chris,"TREVOR, Chris Allan",Male,1961-06-23,HVU,
aph-hvv,Turnour,James,"TURNOUR, James (Jim) Pearce",Male,1966-04-07,HVV,
aph-hvw,Bradbury,David,"BRADBURY, the Hon. David John",Male,1976-02-28,HVW,
aph-hvy,Saffin,Janelle,"SAFFIN, Janelle Anne",Female,1954-11-01,HVY,
aph-hvz,Thomson,Craig,"THOMSON, Craig Robert",Male,1964-07-31,HVZ,
aph-hw7,Cheeseman,Darren,"CHEESEMAN, Darren Leicester",Male,1976-06-08,HW7,
aph-hw8,Symon,Michael,"SYMON, Michael (Mike) Stuart",Male,1965-02-21,HW8,
aph-hw9,Champion,Nicholas,"CHAMPION, Nicholas (Nick) David",Male,1972-02-27,HW9,
aph-hwa,Rishworth,Amanda,"RISHWORTH, the Hon. Amanda Louise",Female,1978-07-10,HWA,
aph-hwb,Zappia,Antonio,"ZAPPIA, Antonio (Tony)",Male,1952-06-13,HWB,
aph-hwc,Campbell,Jodie,"CAMPBELL, Jodie Louise",Female,1972-01-18,HWC,
aph-hwd,Hale,Damian,"HALE, Damian Francis",Male,1969-12-28,HWD,
aph-hwe,Simpkins,Luke,"SIMPKINS, Luke Xavier Linton",Male,1964-06-08,HWE,
aph-hwg,Dreyfus,Mark,"DREYFUS, the Hon. Mark Alfred, KC",Male,1956-10-03,HWG,
aph-hwk,Butler,Mark,"BUTLER, the Hon. Mark Christopher",Male,1970-07-08,HWK,
aph-hwl,Clare,Jason,"CLARE, the Hon. Jason Dean",Male,1972-03-22,HWL,
aph-hwm,Collins,Julie,"COLLINS, the Hon. Julie Maree",Female,1971-07-03,HWM,
aph-hwn,Coulton,Mark,"COULTON, the Hon. Mark Maclean",Male,1958-02-03,HWN,
aph-hwo,Hawke,Alexander,"HAWKE, the Hon. Alexander (Alex) George",Male,1977-07-09,HWO,
aph-hwp,Marino,Nola,"MARINO, the Hon. Nola Bethwyn",Female,1954-02-18,HWP,
aph-hwq,Marles,Richard,"MARLES, the Hon. Richard Donald",Male,1967-07-13,HWQ,
aph-hwr,Parke,Melissa,"PARKE, the Hon. Melissa",Female,1966-08-11,HWR,
aph-hws,Ramsey,Rowan,"RAMSEY, Rowan Eric",Male,1956-08-04,HWS,
aph-hwt,Robert,Stuart,"ROBERT, the Hon. Stuart Rowland",Male,1970-12-11,HWT,
aph-hx4,Katter,Robert,"KATTER, the Hon. Robert (Bob) Carl",Male,1945-05-22,HX4,
aph-hyg,Day,Robert,"DAY, Robert (Bob) John, AO",Male,1952-07-05,HYG,
aph-hym,Irons,Stephen,"IRONS, the Hon. Stephen (Steve) James",Male,1958-09-01,HYM,
aph-hzb,Bilyk,Catryna,"BILYK, Catryna Louise",Female,1959-02-07,HZB,
aph-hze,Seselja,Zdenko,"SESELJA, the Hon. Zdenko Matthew (Zed)",Male,1977-03-27,HZE,
aph-i07,Ludlam,Scott,"LUDLAM, Scott",Male,1970-01-10,I07,
aph-i0m,Cash,Michaelia,"CASH, the Hon. Michaelia Clare",Female,1970-07-19,I0M,
aph-i0n,Farrell,Donald,"FARRELL, the Hon. Donald (Don) Edward",Male,1954-06-06,I0N,
aph-i0o,Feeney,David,"FEENEY, the Hon. David Ian",Male,1970-03-05,I0O,
aph-i0p,Furner,Mark,"FURNER, Mark Lionel",Male,1958-04-11,I0P,
aph-i0q,Ryan,Scott,"RYAN, the Hon. Scott Michael",Male,1973-05-12,I0Q,
aph-i0t,Pratt,Louise,"PRATT, Louise Clare",Female,1972-04-18,I0T,
aph-i0u,Hanson-Young,Sarah,"HANSON-YOUNG, Sarah Coral",Female,1981-12-23,I0U,
aph-i0v,Williams,John,"WILLIAMS, John Reginald AM",Male,1955-01-16,I0V,
aph-i8m,Charlton,Andrew,"CHARLTON, the Hon. Dr Andrew Henry George",Male,1978-09-26,I8M,
aph-ij4,Snowdon,Warren,"SNOWDON, the Hon. Warren Edward",Male,1950-03-20,IJ4,
aph-imw,Wilson,Timothy,"WILSON, the Hon. Timothy (Tim) Robert",Male,1980-03-12,IMW,
aph-ing,Gallagher,Katherine,"GALLAGHER, the Hon. Katherine (Katy) Ruth",Female,1970-03-18,ING,
aph-ipz,Chester,Darren,"CHESTER, the Hon. Darren Jeffrey",Male,1967-09-13,IPZ,
aph-iwk,White,Linda,"WHITE, Linda",Female,,IWK,
aph-iys,Oakeshott,Robert,"OAKESHOTT, Robert (Rob) James Murray",Male,1969-12-14,IYS,
aph-iyu,Briggs,Jamie,"BRIGGS, the Hon. Jamie Edward",Male,1977-06-09,IYU,
aph-j7q,Back,Christopher,"BACK, Christopher (Chris) John",Male,1950-02-11,J7Q,
aph-jh5,George,Jennie,"GEORGE, Jennie, AO",Female,1947-08-20,JH5,
aph-jk6,Mcclelland,Robert,"McCLELLAND, the Hon. Robert Bruce, AO",Male,1958-01-26,JK6,
aph-jkm,Mckim,Nicholas,"McKIM, Nicholas (Nick) James",Male,1965-06-11,JKM,
aph-jt4,Bailey,Frances,"BAILEY, the Hon. Frances (Fran) Esther",Female,1946-05-21,JT4,
aph-jx4,Minchin,Nicholas,"MINCHIN, the Hon. Nicholas (Nick) Hugh, AO",Male,1953-04-15,JX4,
aph-ka5,Milne,Christine,"MILNE, Christine Anne, AO",Female,1953-05-14,KA5,
aph-ko6,Humphries,Gary,"HUMPHRIES, the Hon. Gary John Joseph, AO",Male,1958-07-06,KO6,
aph-kv5,Neville,Paul,"NEVILLE, Paul Christopher, OAM",Male,1940-03-28,KV5,
aph-l6b,Fletcher,Paul,"FLETCHER, the Hon. Paul William",Male,1965-01-16,L6B,
aph-l6p,Mactiernan,Alannah,"MacTIERNAN, the Hon. Alannah Joan Geraldine",Female,1953-01-10,L6P,
aph-li4,Patterson,Kay,"PATTERSON, the Hon. Dr Kay Christine Lesley, AO",Female,1944-11-21,LI4,
aph-lku,O'Dwyer,Kelly,"O'DWYER, the Hon. Kelly Megan",Female,1977-03-31,LKU,
aph-ll6,Baldwin,Robert,"BALDWIN, the Hon. Robert (Bob) Charles",Male,1955-03-09,LL6,
aph-lnw,Keneally,Kristina,"KENEALLY, the Hon. Kristina Kerscher AO",Female,1968-12-19,LNW,
aph-lqr,Palmer,Clive,"PALMER, Clive Frederick",Male,1954-03-26,LQR,
aph-ls4,Ferguson,Martin,"FERGUSON, the Hon. Martin John, AM",Male,1953-12-12,LS4,
aph-ltu,Kearney,Gerardine,"KEARNEY, the Hon. Gerardine (Ged) Mary",Female,1963-10-29,LTU,
aph-m0r,Singh,Lisa,"SINGH, the Hon. Lisa Maria",Female,1972-02-20,M0R,
aph-m2v,Matheson,Russell,"MATHESON, Russell Glenn",Male,1958-12-16,M2V,
aph-m2x,Roy,Wyatt,"ROY, the Hon. Wyatt Beau",Male,1990-05-22,M2X,
aph-m2y,Tudge,Alan,"TUDGE, the Hon. Alan Edward",Male,1971-02-24,M2Y,
aph-m38,Lyons,Geoffrey,"LYONS, Geoffrey (Geoff) Raymond, OAM",Male,1953-04-29,M38,
aph-m3a,Wyatt,Kenneth,"WYATT, the Hon. Kenneth (Ken) George, AM",Male,1952-08-04,M3A,
aph-m3c,Bandt,Adam,"BANDT, Dr Adam Paul",Male,1972-03-11,M3C,
aph-m3e,Mitchell,Robert,"MITCHELL, Robert (Rob) George",Male,1967-09-09,M3E,
aph-m3k,Crook,Anthony,"CROOK, Anthony (Tony) John",Male,1959-06-23,M3K,
aph-m3m,Alexander,John,"ALEXANDER, John Gilbert, OAM",Male,1951-07-04,M3M,
aph-m56,Payne,Marise,"PAYNE, the Hon. Marise Ann",Female,1964-07-29,M56,
aph-mt4,Broadbent,Russell,"BROADBENT, Russell Evan",Male,1950-12-25,MT4,
aph-n26,Abetz,Eric,"ABETZ, the Hon. Eric",Male,1958-01-25,N26,
aph-nb5,Campbell,George,"CAMPBELL, George",Male,1943-02-18,NB5,
aph-nv5,Forrest,John,"FORREST, John Alexander",Male,1949-08-24,NV5,
aph-pg6,Macklin,Jennifer,"MACKLIN, the Hon. Jennifer (Jenny) Louise AC",Female,1953-12-29,PG6,
aph-pk6,Randall,Donald,"RANDALL, Donald (Don) James",Male,1953-05-02,PK6,
aph-qd4,Brown,Robert,"BROWN, Robert (Bob) James",Male,1944-12-27,QD4,
aph-qi4,Price,Leo,"PRICE, the Hon. Leo Roger Spurway",Male,1945-11-26,QI4,
aph-r36,Albanese,Anthony,"ALBANESE, the Hon. Anthony Norman",Male,1963-03-02,R36,
aph-rh4,Kerr,Duncan,"KERR, the Hon. Duncan James Colquhoun AO SC",Male,1952-02-26,RH4,
aph-rw5,Nelson,Brendan,"NELSON, the Hon. Dr Brendan John, AO",Male,1958-08-19,RW5,
aph-se4,Bishop,Bronwyn,"BISHOP, the Hon. Bronwyn Kathleen, AO",Female,1942-10-19,SE4,
aph-sj4,Tuckey,Charles,"TUCKEY, the Hon. Charles (Wilson) Wilson OAM",Male,1935-07-10,SJ4,
aph-sr5,Dodson,Patrick,"DODSON, Patrick (Pat) Lionel Djargun",Male,1948-01-29,SR5,
aph-su5,Vaile,Mark,"VAILE, the Hon. Mark Anthony James, AO",Male,1956-04-18,SU5,
aph-tk6,Southcott,Andrew,"SOUTHCOTT, Dr Andrew John",Male,1967-10-15,TK6,
aph-ui4,Ray,Robert,"RAY, the Hon. Robert Francis",Male,1947-04-08,UI4,
aph-uk6,Thomson,Kelvin,"THOMSON, the Hon. Kelvin John",Male,1955-05-01,UK6,
aph-vj4,Watson,John,"WATSON, John Odin Wentworth, AM",Male,1937-01-25,VJ4,
aph-vk6,Vale,Danna,"VALE, the Hon. Danna Sue",Female,1944-11-14,VK6,
aph-vu5,Griffin,Alan,"GRIFFIN, the Hon. Alan Peter",Male,1960-02-23,VU5,
aph-wf6,Danby,Michael,"DANBY, the Hon. Michael David",Male,1955-02-16,WF6,
aph-wh4,Mcgauran,Julian,"McGAURAN, Julian John James",Male,1957-03-05,WH4,
aph-wn6,Macfarlane,Ian,"MacFARLANE, the Hon. Ian Elgin",Male,1955-04-05,WN6,
aph-wp6,Lightfoot,Philip,"LIGHTFOOT, Philip Ross",Male,1936-08-11,WP6,
aph-ww4,Kemp,Charles,"KEMP, the Hon. Charles Roderick (Rod)",Male,1944-12-21,WW4,
aph-wx4,Carr,Robert,"CARR, the Hon. Robert (Bob) John",Male,1947-09-28,WX4,
aph-xh4,Mcgauran,Peter,"McGAURAN, the Hon. Peter John",Male,1955-11-16,XH4,
aph-xt4,Ronaldson,Michael,"RONALDSON, the Hon. Michael John Clyde",Male,1954-02-13,XT4,
aph-ye4,Boswell,Ronald,"BOSWELL, the Hon. Ronald (Ron) Leslie Doyle, AO",Male,1940-12-09,YE4,
aph-yt4,Scott,Bruce,"SCOTT, the Hon. Bruce Craig, AM",Male,1943-10-20,YT4,
aph-yu5,Tanner,Lindsay,"TANNER, the Hon. Lindsay James",Male,1956-04-24,YU5,
aph-yw4,Macdonald,Ian,"MacDONALD, the Hon. Ian Douglas AM",Male,1945-11-29,YW4,
aph-yw6,Combet,Gregory,"COMBET, the Hon. Gregory (Greg) Ivan, AO",Male,1958-04-28,YW6,
aph-zn4,Henderson,Sarah,"HENDERSON, the Hon. Sarah Moya",Female,,ZN4,
aph-zt4,Somlyay,Alexander,"SOMLYAY, the Hon. Alexander Michael",Male,1946-01-18,ZT4,
aph-zw4,Sherry,Nicholas,"SHERRY, the Hon. Nicholas (Nick) John AO",Male,1955-11-19,ZW4,
