school_code,school_name,reporting_year,ram_base_allocation,ram_equity_loading,ram_operational_funding,ram_allocation_total,acara_id
8138,Albury High School,2024,8450000.0,1250000.0,620000.0,10320000.0,42689
8214,Cheltenham Girls High School,2024,9600000.0,450000.0,780000.0,10830000.0,41324
8140,James Ruse Agricultural High School,2024,7200000.0,320000.0,590000.0,8110000.0,41811
8114,Gosford High School,2024,8100000.0,410000.0,650000.0,9160000.0,42090
8122,Hornsby High School,2024,7850000.0,380000.0,640000.0,8870000.0,41330
8124,Hurlstone Agricultural High School,2024,8900000.0,620000.0,710000.0,10230000.0,41554
8251,Canley Vale High School,2024,11200000.0,3450000.0,890000.0,15540000.0,41583
8171,Coonabarabran High School,2024,4200000.0,1650000.0,380000.0,6230000.0,43109
8527,Cumberland High School,2024,7100000.0,1420000.0,580000.0,9100000.0,41849
8546,Eden Marine High School,2024,5300000.0,1580000.0,420000.0,7300000.0,42927
8107,Farrer Memorial Agricultural High School,2024,6400000.0,980000.0,510000.0,7890000.0,42515
8112,Glen Innes High School,2024,4800000.0,1390000.0,410000.0,6600000.0,42516
5652,Gralee School,2024,1950000.0,620000.0,180000.0,2750000.0,42686
8496,Airds High School,2024,6200000.0,2850000.0,520000.0,9570000.0,41594
